Allele1_Activity_Score,Allele2_Activity_Score,Total_Activity_Score,Min_Activity_Score,Allele1_No_Function,Allele2_No_Function,Has_No_Function_Allele,Allele1_Decreased,Allele2_Decreased,Both_Decreased,Allele1_Normal,Allele2_Normal,Wildtype_Count,Mutation1_Severity,Mutation2_Severity,Max_Mutation_Severity,Combined_Mutation_Severity,Position1,Position2,Region1_Score,Region2_Score,Max_Region_Score,Has_SRS5_Mutation,Has_SRS6_Mutation,Has_Heme_Region_Mutation,Has_SRS4_Mutation,Has_Star2,Has_Star3,Has_Star5,Has_Star6,Has_Star8,Has_Star11,Combined_Impact_Score,CPIC_Phenotype_Score,Original_Phenotype,Diplotype
1.0,0.5,1.5,0.5,0,0,0,0,1,0,1,0,1,0.0,0.5,0.5,0.5,0,144,0.3,0.3,0.3,0,0,0,0,1,0,0,0,0,0,0.33999999999999997,1.5,Intermediate,*1/*2
1.0,0.0,1.0,0.0,0,1,1,0,0,0,1,0,1,0.0,0.5,0.5,0.5,0,359,0.3,0.9,0.9,1,0,0,0,0,1,0,0,0,0,0.62,1.0,Intermediate,*1/*3
1.0,0.0,1.0,0.0,0,1,1,0,0,0,1,0,1,0.0,0.5,0.5,0.5,0,359,0.3,0.9,0.9,1,0,0,0,0,0,0,0,0,0,0.62,1.0,Intermediate,*1/*4
1.0,0.0,1.0,0.0,0,1,1,0,0,0,1,0,1,0.0,0.5,0.5,0.5,0,360,0.3,0.9,0.9,1,0,0,0,0,0,1,0,0,0,0.62,1.0,Intermediate,*1/*5
1.0,0.0,1.0,0.0,0,1,1,0,0,0,1,0,1,0.0,1.0,1.0,1.0,0,273,0.3,0.3,0.3,0,0,0,0,0,0,0,1,0,0,0.59,1.0,Intermediate,*1/*6
1.0,0.5,1.5,0.5,0,0,0,0,1,0,1,0,1,0.0,0.5,0.5,0.5,0,150,0.3,0.3,0.3,0,0,0,0,0,0,0,0,1,0,0.33999999999999997,1.5,Intermediate,*1/*8
1.0,0.5,1.5,0.5,0,0,0,0,1,0,1,0,1,0.0,0.5,0.5,0.5,0,335,0.3,0.3,0.3,0,0,0,0,0,0,0,0,0,1,0.33999999999999997,1.5,Intermediate,*1/*11
1.0,0.25,1.25,0.25,0,0,0,0,1,0,1,0,1,0.0,0.5,0.5,0.5,0,489,0.3,1.0,1.0,0,1,1,0,0,0,0,0,0,0,0.6000000000000001,1.25,Intermediate,*1/*12
1.0,0.0,1.0,0.0,0,1,1,0,0,0,1,0,1,0.0,0.5,0.5,0.5,0,90,0.3,0.3,0.3,0,0,0,0,0,0,0,0,0,0,0.43999999999999995,1.0,Intermediate,*1/*13
1.0,0.25,1.25,0.25,0,0,0,0,1,0,1,0,1,0.0,0.5,0.5,0.5,0,125,0.3,0.7,0.7,0,0,0,0,0,0,0,0,0,0,0.51,1.25,Intermediate,*1/*14
1.0,0.0,1.0,0.0,0,1,1,0,0,0,1,0,1,0.0,0.5,0.5,0.5,0,162,0.3,0.3,0.3,0,0,0,0,0,0,0,0,0,0,0.43999999999999995,1.0,Intermediate,*1/*15
1.0,0.25,1.25,0.25,0,0,0,0,1,0,1,0,1,0.0,0.5,0.5,0.5,0,299,0.3,0.8,0.8,0,0,0,1,0,0,0,0,0,0,0.54,1.25,Intermediate,*1/*16
1.0,0.5,1.5,0.5,0,0,0,0,0,0,1,0,1,0.0,0.5,0.5,0.5,0,76,0.3,0.3,0.3,0,0,0,0,0,0,0,0,0,0,0.33999999999999997,1.5,Intermediate,*1/*23
1.0,0.5,1.5,0.5,0,0,0,0,1,0,1,0,1,0.0,0.5,0.5,0.5,0,354,0.3,0.3,0.3,0,0,0,0,0,0,0,0,0,0,0.33999999999999997,1.5,Intermediate,*1/*24
1.0,0.5,1.5,0.5,0,0,0,0,0,0,1,0,1,0.0,0.0,0.0,0.0,0,0,0.3,0.3,0.3,0,0,0,0,0,0,0,0,0,0,0.19,1.5,Intermediate,*1/*25
1.0,0.5,1.5,0.5,0,0,0,0,0,0,1,0,1,0.0,0.5,0.5,0.5,0,130,0.3,0.3,0.3,0,0,0,0,0,0,0,0,0,0,0.33999999999999997,1.5,Intermediate,*1/*26
1.0,0.5,1.5,0.5,0,0,0,0,0,0,1,0,1,0.0,0.5,0.5,0.5,0,214,0.3,0.7,0.7,0,0,0,0,0,0,0,0,0,0,0.45999999999999996,1.5,Intermediate,*1/*28
1.0,0.25,1.25,0.25,0,0,0,0,1,0,1,0,1,0.0,0.5,0.5,0.5,0,279,0.3,0.3,0.3,0,0,0,0,0,0,0,0,0,0,0.39,1.25,Intermediate,*1/*29
1.0,0.5,1.5,0.5,0,0,0,0,0,0,1,0,1,0.0,0.5,0.5,0.5,0,477,0.3,1.0,1.0,0,1,1,0,0,0,0,0,0,0,0.55,1.5,Intermediate,*1/*30
1.0,0.25,1.25,0.25,0,0,0,0,1,0,1,0,1,0.0,0.5,0.5,0.5,0,327,0.3,0.3,0.3,0,0,0,0,0,0,0,0,0,0,0.39,1.25,Intermediate,*1/*31
1.0,0.25,1.25,0.25,0,0,0,0,1,0,1,0,1,0.0,0.5,0.5,0.5,0,132,0.3,0.3,0.3,0,0,0,0,0,0,0,0,0,0,0.39,1.25,Intermediate,*1/*33
1.0,0.5,1.5,0.5,0,0,0,0,0,0,1,0,1,0.0,0.5,0.5,0.5,0,125,0.3,0.7,0.7,0,0,0,0,0,0,0,0,0,0,0.45999999999999996,1.5,Intermediate,*1/*35
1.0,0.25,1.25,0.25,0,0,0,0,1,0,1,0,1,0.0,0.5,0.5,0.5,0,49,0.3,0.3,0.3,0,0,0,0,0,0,0,0,0,0,0.39,1.25,Intermediate,*1/*37
1.0,0.5,1.5,0.5,0,0,0,0,1,0,1,0,1,0.0,0.5,0.5,0.5,0,96,0.3,0.3,0.3,0,0,0,0,0,0,0,0,0,0,0.33999999999999997,1.5,Intermediate,*1/*38
1.0,0.25,1.25,0.25,0,0,0,0,1,0,1,0,1,0.0,0.5,0.5,0.5,0,98,0.3,0.7,0.7,0,0,0,0,0,0,0,0,0,0,0.51,1.25,Intermediate,*1/*39
1.0,0.25,1.25,0.25,0,0,0,0,1,0,1,0,1,0.0,0.5,0.5,0.5,0,124,0.3,0.7,0.7,0,0,0,0,0,0,0,0,0,0,0.51,1.25,Intermediate,*1/*42
1.0,0.25,1.25,0.25,0,0,0,0,1,0,1,0,1,0.0,0.5,0.5,0.5,0,124,0.3,0.7,0.7,0,0,0,0,0,0,0,0,0,0,0.51,1.25,Intermediate,*1/*43
1.0,0.5,1.5,0.5,0,0,0,0,1,0,1,0,1,0.0,0.5,0.5,0.5,0,130,0.3,0.3,0.3,0,0,0,0,0,0,0,0,0,0,0.33999999999999997,1.5,Intermediate,*1/*44
1.0,0.25,1.25,0.25,0,0,0,0,1,0,1,0,1,0.0,0.5,0.5,0.5,0,132,0.3,0.3,0.3,0,0,0,0,0,0,0,0,0,0,0.39,1.25,Intermediate,*1/*45
1.0,0.5,1.5,0.5,0,0,0,0,1,0,1,0,1,0.0,0.5,0.5,0.5,0,149,0.3,0.3,0.3,0,0,0,0,0,0,0,0,0,0,0.33999999999999997,1.5,Intermediate,*1/*46
1.0,0.25,1.25,0.25,0,0,0,0,1,0,1,0,1,0.0,0.5,0.5,0.5,0,227,0.3,0.7,0.7,0,0,0,0,0,0,0,0,0,0,0.51,1.25,Intermediate,*1/*50
1.0,0.25,1.25,0.25,0,0,0,0,1,0,1,0,1,0.0,0.5,0.5,0.5,0,299,0.3,0.8,0.8,0,0,0,1,0,0,0,0,0,0,0.54,1.25,Intermediate,*1/*52
1.0,0.25,1.25,0.25,0,0,0,0,1,0,1,0,1,0.0,0.5,0.5,0.5,0,361,0.3,0.9,0.9,1,0,0,0,0,0,0,0,0,0,0.5700000000000001,1.25,Intermediate,*1/*55
1.0,0.5,1.5,0.5,0,0,0,0,0,0,1,0,1,0.0,0.5,0.5,0.5,0,144,0.3,0.3,0.3,0,0,0,0,0,0,0,0,0,0,0.33999999999999997,1.5,Intermediate,*1/*61
0.5,0.5,1.0,0.5,0,0,0,1,1,1,0,0,0,0.5,0.5,0.5,1.0,144,144,0.3,0.3,0.3,0,0,0,0,1,0,0,0,0,0,0.43999999999999995,1.0,Intermediate,*2/*2
0.5,0.0,0.5,0.0,0,1,1,1,0,0,0,0,0,0.5,0.0,0.5,0.5,144,0,0.3,0.3,0.3,0,0,0,0,1,0,0,0,0,0,0.54,0.5,Intermediate,*2/*4
0.5,0.0,0.5,0.0,0,1,1,1,0,0,0,0,0,0.5,0.5,0.5,1.0,144,360,0.3,0.9,0.9,1,0,0,0,1,0,1,0,0,0,0.7200000000000001,0.5,Intermediate,*2/*5
0.5,0.5,1.0,0.5,0,0,0,1,1,1,0,0,0,0.5,0.5,0.5,1.0,144,150,0.3,0.3,0.3,0,0,0,0,1,0,0,0,1,0,0.43999999999999995,1.0,Intermediate,*2/*8
0.5,1.0,1.5,0.5,0,0,0,1,0,0,0,1,1,0.5,0.5,0.5,1.0,144,251,0.3,0.3,0.3,0,0,0,0,1,0,0,0,0,0,0.33999999999999997,1.5,Intermediate,*2/*9
0.5,0.5,1.0,0.5,0,0,0,1,1,1,0,0,0,0.5,0.5,0.5,1.0,144,335,0.3,0.3,0.3,0,0,0,0,1,0,0,0,0,1,0.43999999999999995,1.0,Intermediate,*2/*11
0.5,0.25,0.75,0.25,0,0,0,1,1,1,0,0,0,0.5,0.5,0.5,1.0,144,489,0.3,1.0,1.0,0,1,1,0,1,0,0,0,0,0,0.7,0.75,Intermediate,*2/*12
0.5,0.25,0.75,0.25,0,0,0,1,1,1,0,0,0,0.5,0.5,0.5,1.0,144,125,0.3,0.7,0.7,0,0,0,0,1,0,0,0,0,0,0.61,0.75,Intermediate,*2/*14
0.5,0.25,0.75,0.25,0,0,0,1,1,1,0,0,0,0.5,0.5,0.5,1.0,144,299,0.3,0.8,0.8,0,0,0,1,1,0,0,0,0,0,0.64,0.75,Intermediate,*2/*16
0.5,0.5,1.0,0.5,0,0,0,1,0,0,0,0,0,0.5,0.5,0.5,1.0,144,76,0.3,0.3,0.3,0,0,0,0,1,0,0,0,0,0,0.43999999999999995,1.0,Intermediate,*2/*23
0.5,0.5,1.0,0.5,0,0,0,1,0,0,0,0,0,0.5,0.5,0.5,1.0,144,130,0.3,0.3,0.3,0,0,0,0,1,0,0,0,0,0,0.43999999999999995,1.0,Intermediate,*2/*26
0.5,0.5,1.0,0.5,0,0,0,1,0,0,0,0,0,0.5,0.5,0.5,1.0,144,214,0.3,0.7,0.7,0,0,0,0,1,0,0,0,0,0,0.5599999999999999,1.0,Intermediate,*2/*28
0.5,0.25,0.75,0.25,0,0,0,1,1,1,0,0,0,0.5,0.5,0.5,1.0,144,279,0.3,0.3,0.3,0,0,0,0,1,0,0,0,0,0,0.49,0.75,Intermediate,*2/*29
0.5,0.5,1.0,0.5,0,0,0,1,0,0,0,0,0,0.5,0.5,0.5,1.0,144,477,0.3,1.0,1.0,0,1,1,0,1,0,0,0,0,0,0.6499999999999999,1.0,Intermediate,*2/*30
0.5,0.25,0.75,0.25,0,0,0,1,1,1,0,0,0,0.5,0.5,0.5,1.0,144,327,0.3,0.3,0.3,0,0,0,0,1,0,0,0,0,0,0.49,0.75,Intermediate,*2/*31
0.5,0.25,0.75,0.25,0,0,0,1,1,1,0,0,0,0.5,0.5,0.5,1.0,144,49,0.3,0.3,0.3,0,0,0,0,1,0,0,0,0,0,0.49,0.75,Intermediate,*2/*37
0.5,0.5,1.0,0.5,0,0,0,1,1,1,0,0,0,0.5,0.5,0.5,1.0,144,96,0.3,0.3,0.3,0,0,0,0,1,0,0,0,0,0,0.43999999999999995,1.0,Intermediate,*2/*38
0.5,0.5,1.0,0.5,0,0,0,1,1,1,0,0,0,0.5,0.5,0.5,1.0,144,130,0.3,0.3,0.3,0,0,0,0,1,0,0,0,0,0,0.43999999999999995,1.0,Intermediate,*2/*44
0.5,0.5,1.0,0.5,0,0,0,1,1,1,0,0,0,0.5,0.5,0.5,1.0,144,149,0.3,0.3,0.3,0,0,0,0,1,0,0,0,0,0,0.43999999999999995,1.0,Intermediate,*2/*46
0.5,0.25,0.75,0.25,0,0,0,1,1,1,0,0,0,0.5,0.5,0.5,1.0,144,227,0.3,0.7,0.7,0,0,0,0,1,0,0,0,0,0,0.61,0.75,Intermediate,*2/*50
0.5,0.25,0.75,0.25,0,0,0,1,1,1,0,0,0,0.5,0.5,0.5,1.0,144,361,0.3,0.9,0.9,1,0,0,0,1,0,0,0,0,0,0.67,0.75,Intermediate,*2/*55
0.5,0.5,1.0,0.5,0,0,0,1,0,0,0,0,0,0.5,0.5,0.5,1.0,144,144,0.3,0.3,0.3,0,0,0,0,1,0,0,0,0,0,0.43999999999999995,1.0,Intermediate,*2/*61
0.0,1.0,1.0,0.0,1,0,1,0,0,0,0,1,1,0.5,0.5,0.5,1.0,359,251,0.9,0.3,0.9,1,0,0,0,0,1,0,0,0,0,0.62,1.0,Intermediate,*3/*9
0.0,0.0,0.0,0.0,1,1,1,0,0,0,0,0,0,0.5,0.5,0.5,1.0,359,359,0.9,0.9,0.9,1,0,0,0,0,0,0,0,0,0,0.8200000000000001,0.0,Intermediate,*4/*4
0.0,0.0,0.0,0.0,1,1,1,0,0,0,0,0,0,0.5,0.5,0.5,1.0,359,360,0.9,0.9,0.9,1,0,0,0,0,0,1,0,0,0,0.8200000000000001,0.0,Intermediate,*4/*5
0.0,0.5,0.5,0.0,1,0,1,0,1,0,0,0,0,0.5,0.5,0.5,1.0,359,150,0.9,0.3,0.9,1,0,0,0,0,0,0,0,1,0,0.7200000000000001,0.5,Intermediate,*4/*8
0.0,1.0,1.0,0.0,1,0,1,0,0,0,0,1,1,0.5,0.5,0.5,1.0,359,251,0.9,0.3,0.9,1,0,0,0,0,0,0,0,0,0,0.62,1.0,Intermediate,*4/*9
0.0,0.5,0.5,0.0,1,0,1,0,1,0,0,0,0,0.5,0.5,0.5,1.0,359,335,0.9,0.3,0.9,1,0,0,0,0,0,0,0,0,1,0.7200000000000001,0.5,Intermediate,*4/*11
0.0,0.25,0.25,0.0,1,0,1,0,1,0,0,0,0,0.5,0.5,0.5,1.0,359,489,0.9,1.0,1.0,1,1,1,0,0,0,0,0,0,0,0.8,0.25,Intermediate,*4/*12
0.0,0.25,0.25,0.0,1,0,1,0,1,0,0,0,0,0.5,0.5,0.5,1.0,359,125,0.9,0.7,0.9,1,0,0,0,0,0,0,0,0,0,0.77,0.25,Intermediate,*4/*14
0.0,0.25,0.25,0.0,1,0,1,0,1,0,0,0,0,0.5,0.5,0.5,1.0,359,299,0.9,0.8,0.9,1,0,0,1,0,0,0,0,0,0,0.77,0.25,Intermediate,*4/*16
0.0,0.5,0.5,0.0,1,0,1,0,0,0,0,0,0,0.5,0.5,0.5,1.0,359,76,0.9,0.3,0.9,1,0,0,0,0,0,0,0,0,0,0.7200000000000001,0.5,Intermediate,*4/*23
0.0,0.5,0.5,0.0,1,0,1,0,0,0,0,0,0,0.5,0.5,0.5,1.0,359,130,0.9,0.3,0.9,1,0,0,0,0,0,0,0,0,0,0.7200000000000001,0.5,Intermediate,*4/*26
0.0,0.5,0.5,0.0,1,0,1,0,0,0,0,0,0,0.5,0.5,0.5,1.0,359,214,0.9,0.7,0.9,1,0,0,0,0,0,0,0,0,0,0.7200000000000001,0.5,Intermediate,*4/*28
0.0,0.25,0.25,0.0,1,0,1,0,1,0,0,0,0,0.5,0.5,0.5,1.0,359,279,0.9,0.3,0.9,1,0,0,0,0,0,0,0,0,0,0.77,0.25,Intermediate,*4/*29
0.0,0.5,0.5,0.0,1,0,1,0,0,0,0,0,0,0.5,0.5,0.5,1.0,359,477,0.9,1.0,1.0,1,1,1,0,0,0,0,0,0,0,0.75,0.5,Intermediate,*4/*30
0.0,0.25,0.25,0.0,1,0,1,0,1,0,0,0,0,0.5,0.5,0.5,1.0,359,327,0.9,0.3,0.9,1,0,0,0,0,0,0,0,0,0,0.77,0.25,Intermediate,*4/*31
0.0,0.25,0.25,0.0,1,0,1,0,1,0,0,0,0,0.5,0.5,0.5,1.0,359,49,0.9,0.3,0.9,1,0,0,0,0,0,0,0,0,0,0.77,0.25,Intermediate,*4/*37
0.0,0.5,0.5,0.0,1,0,1,0,1,0,0,0,0,0.5,0.5,0.5,1.0,359,96,0.9,0.3,0.9,1,0,0,0,0,0,0,0,0,0,0.7200000000000001,0.5,Intermediate,*4/*38
0.0,0.5,0.5,0.0,1,0,1,0,1,0,0,0,0,0.5,0.5,0.5,1.0,359,130,0.9,0.3,0.9,1,0,0,0,0,0,0,0,0,0,0.7200000000000001,0.5,Intermediate,*4/*44
0.0,0.5,0.5,0.0,1,0,1,0,1,0,0,0,0,0.5,0.5,0.5,1.0,359,149,0.9,0.3,0.9,1,0,0,0,0,0,0,0,0,0,0.7200000000000001,0.5,Intermediate,*4/*46
0.0,0.25,0.25,0.0,1,0,1,0,1,0,0,0,0,0.5,0.5,0.5,1.0,359,227,0.9,0.7,0.9,1,0,0,0,0,0,0,0,0,0,0.77,0.25,Intermediate,*4/*50
0.0,0.25,0.25,0.0,1,0,1,0,1,0,0,0,0,0.5,0.5,0.5,1.0,359,361,0.9,0.9,0.9,1,0,0,0,0,0,0,0,0,0,0.77,0.25,Intermediate,*4/*55
0.0,0.5,0.5,0.0,1,0,1,0,0,0,0,0,0,0.5,0.5,0.5,1.0,359,144,0.9,0.3,0.9,1,0,0,0,0,0,0,0,0,0,0.7200000000000001,0.5,Intermediate,*4/*61
0.0,0.0,0.0,0.0,1,1,1,0,0,0,0,0,0,0.5,0.5,0.5,1.0,360,360,0.9,0.9,0.9,1,0,0,0,0,0,1,0,0,0,0.8200000000000001,0.0,Intermediate,*5/*5
0.0,0.5,0.5,0.0,1,0,1,0,1,0,0,0,0,0.5,0.5,0.5,1.0,360,150,0.9,0.3,0.9,1,0,0,0,0,0,1,0,1,0,0.7200000000000001,0.5,Intermediate,*5/*8
0.0,1.0,1.0,0.0,1,0,1,0,0,0,0,1,1,0.5,0.5,0.5,1.0,360,251,0.9,0.3,0.9,1,0,0,0,0,0,1,0,0,0,0.62,1.0,Intermediate,*5/*9
0.0,0.5,0.5,0.0,1,0,1,0,1,0,0,0,0,0.5,0.5,0.5,1.0,360,335,0.9,0.3,0.9,1,0,0,0,0,0,1,0,0,1,0.7200000000000001,0.5,Intermediate,*5/*11
0.0,0.25,0.25,0.0,1,0,1,0,1,0,0,0,0,0.5,0.5,0.5,1.0,360,489,0.9,1.0,1.0,1,1,1,0,0,0,1,0,0,0,0.8,0.25,Intermediate,*5/*12
0.0,0.25,0.25,0.0,1,0,1,0,1,0,0,0,0,0.5,0.5,0.5,1.0,360,125,0.9,0.7,0.9,1,0,0,0,0,0,1,0,0,0,0.77,0.25,Intermediate,*5/*14
0.0,0.25,0.25,0.0,1,0,1,0,1,0,0,0,0,0.5,0.5,0.5,1.0,360,299,0.9,0.8,0.9,1,0,0,1,0,0,1,0,0,0,0.77,0.25,Intermediate,*5/*16
0.0,0.5,0.5,0.0,1,0,1,0,0,0,0,0,0,0.5,0.5,0.5,1.0,360,76,0.9,0.3,0.9,1,0,0,0,0,0,1,0,0,0,0.7200000000000001,0.5,Intermediate,*5/*23
0.0,0.5,0.5,0.0,1,0,1,0,0,0,0,0,0,0.5,0.5,0.5,1.0,360,130,0.9,0.3,0.9,1,0,0,0,0,0,1,0,0,0,0.7200000000000001,0.5,Intermediate,*5/*26
0.0,0.5,0.5,0.0,1,0,1,0,0,0,0,0,0,0.5,0.5,0.5,1.0,360,214,0.9,0.7,0.9,1,0,0,0,0,0,1,0,0,0,0.7200000000000001,0.5,Intermediate,*5/*28
0.0,0.25,0.25,0.0,1,0,1,0,1,0,0,0,0,0.5,0.5,0.5,1.0,360,279,0.9,0.3,0.9,1,0,0,0,0,0,1,0,0,0,0.77,0.25,Intermediate,*5/*29
0.0,0.5,0.5,0.0,1,0,1,0,0,0,0,0,0,0.5,0.5,0.5,1.0,360,477,0.9,1.0,1.0,1,1,1,0,0,0,1,0,0,0,0.75,0.5,Intermediate,*5/*30
0.0,0.25,0.25,0.0,1,0,1,0,1,0,0,0,0,0.5,0.5,0.5,1.0,360,327,0.9,0.3,0.9,1,0,0,0,0,0,1,0,0,0,0.77,0.25,Intermediate,*5/*31
0.0,0.25,0.25,0.0,1,0,1,0,1,0,0,0,0,0.5,0.5,0.5,1.0,360,49,0.9,0.3,0.9,1,0,0,0,0,0,1,0,0,0,0.77,0.25,Intermediate,*5/*37
0.0,0.5,0.5,0.0,1,0,1,0,1,0,0,0,0,0.5,0.5,0.5,1.0,360,96,0.9,0.3,0.9,1,0,0,0,0,0,1,0,0,0,0.7200000000000001,0.5,Intermediate,*5/*38
0.0,0.5,0.5,0.0,1,0,1,0,1,0,0,0,0,0.5,0.5,0.5,1.0,360,130,0.9,0.3,0.9,1,0,0,0,0,0,1,0,0,0,0.7200000000000001,0.5,Intermediate,*5/*44
0.0,0.5,0.5,0.0,1,0,1,0,1,0,0,0,0,0.5,0.5,0.5,1.0,360,149,0.9,0.3,0.9,1,0,0,0,0,0,1,0,0,0,0.7200000000000001,0.5,Intermediate,*5/*46
0.0,0.25,0.25,0.0,1,0,1,0,1,0,0,0,0,0.5,0.5,0.5,1.0,360,227,0.9,0.7,0.9,1,0,0,0,0,0,1,0,0,0,0.77,0.25,Intermediate,*5/*50
0.0,0.25,0.25,0.0,1,0,1,0,1,0,0,0,0,0.5,0.5,0.5,1.0,360,361,0.9,0.9,0.9,1,0,0,0,0,0,1,0,0,0,0.77,0.25,Intermediate,*5/*55
0.0,0.5,0.5,0.0,1,0,1,0,0,0,0,0,0,0.5,0.5,0.5,1.0,360,144,0.9,0.3,0.9,1,0,0,0,0,0,1,0,0,0,0.7200000000000001,0.5,Intermediate,*5/*61
0.0,1.0,1.0,0.0,1,0,1,0,0,0,0,1,1,1.0,0.5,1.0,1.5,273,251,0.3,0.3,0.3,0,0,0,0,0,0,0,1,0,0,0.59,1.0,Intermediate,*6/*9
0.5,0.5,1.0,0.5,0,0,0,1,1,1,0,0,0,0.5,0.5,0.5,1.0,150,150,0.3,0.3,0.3,0,0,0,0,0,0,0,0,1,0,0.43999999999999995,1.0,Intermediate,*8/*8
0.5,1.0,1.5,0.5,0,0,0,1,0,0,0,1,1,0.5,0.5,0.5,1.0,150,251,0.3,0.3,0.3,0,0,0,0,0,0,0,0,1,0,0.33999999999999997,1.5,Intermediate,*8/*9
0.5,0.5,1.0,0.5,0,0,0,1,1,1,0,0,0,0.5,0.5,0.5,1.0,150,335,0.3,0.3,0.3,0,0,0,0,0,0,0,0,1,1,0.43999999999999995,1.0,Intermediate,*8/*11
0.5,0.25,0.75,0.25,0,0,0,1,1,1,0,0,0,0.5,0.5,0.5,1.0,150,489,0.3,1.0,1.0,0,1,1,0,0,0,0,0,1,0,0.7,0.75,Intermediate,*8/*12
0.5,0.25,0.75,0.25,0,0,0,1,1,1,0,0,0,0.5,0.5,0.5,1.0,150,125,0.3,0.7,0.7,0,0,0,0,0,0,0,0,1,0,0.61,0.75,Intermediate,*8/*14
0.5,0.25,0.75,0.25,0,0,0,1,1,1,0,0,0,0.5,0.5,0.5,1.0,150,299,0.3,0.8,0.8,0,0,0,1,0,0,0,0,1,0,0.64,0.75,Intermediate,*8/*16
0.5,0.5,1.0,0.5,0,0,0,1,0,0,0,0,0,0.5,0.5,0.5,1.0,150,76,0.3,0.3,0.3,0,0,0,0,0,0,0,0,1,0,0.43999999999999995,1.0,Intermediate,*8/*23
0.5,0.5,1.0,0.5,0,0,0,1,0,0,0,0,0,0.5,0.5,0.5,1.0,150,130,0.3,0.3,0.3,0,0,0,0,0,0,0,0,1,0,0.43999999999999995,1.0,Intermediate,*8/*26
0.5,0.5,1.0,0.5,0,0,0,1,0,0,0,0,0,0.5,0.5,0.5,1.0,150,214,0.3,0.7,0.7,0,0,0,0,0,0,0,0,1,0,0.5599999999999999,1.0,Intermediate,*8/*28
0.5,0.25,0.75,0.25,0,0,0,1,1,1,0,0,0,0.5,0.5,0.5,1.0,150,279,0.3,0.3,0.3,0,0,0,0,0,0,0,0,1,0,0.49,0.75,Intermediate,*8/*29
0.5,0.5,1.0,0.5,0,0,0,1,0,0,0,0,0,0.5,0.5,0.5,1.0,150,477,0.3,1.0,1.0,0,1,1,0,0,0,0,0,1,0,0.6499999999999999,1.0,Intermediate,*8/*30
0.5,0.25,0.75,0.25,0,0,0,1,1,1,0,0,0,0.5,0.5,0.5,1.0,150,327,0.3,0.3,0.3,0,0,0,0,0,0,0,0,1,0,0.49,0.75,Intermediate,*8/*31
0.5,0.25,0.75,0.25,0,0,0,1,1,1,0,0,0,0.5,0.5,0.5,1.0,150,49,0.3,0.3,0.3,0,0,0,0,0,0,0,0,1,0,0.49,0.75,Intermediate,*8/*37
0.5,0.5,1.0,0.5,0,0,0,1,1,1,0,0,0,0.5,0.5,0.5,1.0,150,96,0.3,0.3,0.3,0,0,0,0,0,0,0,0,1,0,0.43999999999999995,1.0,Intermediate,*8/*38
0.5,0.5,1.0,0.5,0,0,0,1,1,1,0,0,0,0.5,0.5,0.5,1.0,150,130,0.3,0.3,0.3,0,0,0,0,0,0,0,0,1,0,0.43999999999999995,1.0,Intermediate,*8/*44
0.5,0.5,1.0,0.5,0,0,0,1,1,1,0,0,0,0.5,0.5,0.5,1.0,150,149,0.3,0.3,0.3,0,0,0,0,0,0,0,0,1,0,0.43999999999999995,1.0,Intermediate,*8/*46
0.5,0.25,0.75,0.25,0,0,0,1,1,1,0,0,0,0.5,0.5,0.5,1.0,150,227,0.3,0.7,0.7,0,0,0,0,0,0,0,0,1,0,0.61,0.75,Intermediate,*8/*50
0.5,0.25,0.75,0.25,0,0,0,1,1,1,0,0,0,0.5,0.5,0.5,1.0,150,361,0.3,0.9,0.9,1,0,0,0,0,0,0,0,1,0,0.67,0.75,Intermediate,*8/*55
0.5,0.5,1.0,0.5,0,0,0,1,0,0,0,0,0,0.5,0.5,0.5,1.0,150,144,0.3,0.3,0.3,0,0,0,0,0,0,0,0,1,0,0.43999999999999995,1.0,Intermediate,*8/*61
1.0,0.5,1.5,0.5,0,0,0,0,1,0,1,0,1,0.5,0.5,0.5,1.0,251,335,0.3,0.3,0.3,0,0,0,0,0,0,0,0,0,1,0.33999999999999997,1.5,Intermediate,*9/*11
1.0,0.25,1.25,0.25,0,0,0,0,1,0,1,0,1,0.5,0.5,0.5,1.0,251,489,0.3,1.0,1.0,0,1,1,0,0,0,0,0,0,0,0.6000000000000001,1.25,Intermediate,*9/*12
1.0,0.0,1.0,0.0,0,1,1,0,0,0,1,0,1,0.5,0.5,0.5,1.0,251,90,0.3,0.3,0.3,0,0,0,0,0,0,0,0,0,0,0.43999999999999995,1.0,Intermediate,*9/*13
1.0,0.25,1.25,0.25,0,0,0,0,1,0,1,0,1,0.5,0.5,0.5,1.0,251,125,0.3,0.7,0.7,0,0,0,0,0,0,0,0,0,0,0.51,1.25,Intermediate,*9/*14
1.0,0.0,1.0,0.0,0,1,1,0,0,0,1,0,1,0.5,0.5,0.5,1.0,251,162,0.3,0.3,0.3,0,0,0,0,0,0,0,0,0,0,0.43999999999999995,1.0,Intermediate,*9/*15
1.0,0.25,1.25,0.25,0,0,0,0,1,0,1,0,1,0.5,0.5,0.5,1.0,251,299,0.3,0.8,0.8,0,0,0,1,0,0,0,0,0,0,0.54,1.25,Intermediate,*9/*16
1.0,0.5,1.5,0.5,0,0,0,0,0,0,1,0,1,0.5,0.5,0.5,1.0,251,76,0.3,0.3,0.3,0,0,0,0,0,0,0,0,0,0,0.33999999999999997,1.5,Intermediate,*9/*23
1.0,0.5,1.5,0.5,0,0,0,0,1,0,1,0,1,0.5,0.5,0.5,1.0,251,354,0.3,0.3,0.3,0,0,0,0,0,0,0,0,0,0,0.33999999999999997,1.5,Intermediate,*9/*24
1.0,0.5,1.5,0.5,0,0,0,0,0,0,1,0,1,0.5,0.0,0.5,0.5,251,0,0.3,0.3,0.3,0,0,0,0,0,0,0,0,0,0,0.33999999999999997,1.5,Intermediate,*9/*25
1.0,0.5,1.5,0.5,0,0,0,0,0,0,1,0,1,0.5,0.5,0.5,1.0,251,130,0.3,0.3,0.3,0,0,0,0,0,0,0,0,0,0,0.33999999999999997,1.5,Intermediate,*9/*26
1.0,0.5,1.5,0.5,0,0,0,0,0,0,1,0,1,0.5,0.5,0.5,1.0,251,214,0.3,0.7,0.7,0,0,0,0,0,0,0,0,0,0,0.45999999999999996,1.5,Intermediate,*9/*28
1.0,0.25,1.25,0.25,0,0,0,0,1,0,1,0,1,0.5,0.5,0.5,1.0,251,279,0.3,0.3,0.3,0,0,0,0,0,0,0,0,0,0,0.39,1.25,Intermediate,*9/*29
1.0,0.5,1.5,0.5,0,0,0,0,0,0,1,0,1,0.5,0.5,0.5,1.0,251,477,0.3,1.0,1.0,0,1,1,0,0,0,0,0,0,0,0.55,1.5,Intermediate,*9/*30
1.0,0.25,1.25,0.25,0,0,0,0,1,0,1,0,1,0.5,0.5,0.5,1.0,251,327,0.3,0.3,0.3,0,0,0,0,0,0,0,0,0,0,0.39,1.25,Intermediate,*9/*31
1.0,0.25,1.25,0.25,0,0,0,0,1,0,1,0,1,0.5,0.5,0.5,1.0,251,132,0.3,0.3,0.3,0,0,0,0,0,0,0,0,0,0,0.39,1.25,Intermediate,*9/*33
1.0,0.5,1.5,0.5,0,0,0,0,0,0,1,0,1,0.5,0.5,0.5,1.0,251,125,0.3,0.7,0.7,0,0,0,0,0,0,0,0,0,0,0.45999999999999996,1.5,Intermediate,*9/*35
1.0,0.25,1.25,0.25,0,0,0,0,1,0,1,0,1,0.5,0.5,0.5,1.0,251,49,0.3,0.3,0.3,0,0,0,0,0,0,0,0,0,0,0.39,1.25,Intermediate,*9/*37
1.0,0.5,1.5,0.5,0,0,0,0,1,0,1,0,1,0.5,0.5,0.5,1.0,251,96,0.3,0.3,0.3,0,0,0,0,0,0,0,0,0,0,0.33999999999999997,1.5,Intermediate,*9/*38
1.0,0.25,1.25,0.25,0,0,0,0,1,0,1,0,1,0.5,0.5,0.5,1.0,251,98,0.3,0.7,0.7,0,0,0,0,0,0,0,0,0,0,0.51,1.25,Intermediate,*9/*39
1.0,0.25,1.25,0.25,0,0,0,0,1,0,1,0,1,0.5,0.5,0.5,1.0,251,124,0.3,0.7,0.7,0,0,0,0,0,0,0,0,0,0,0.51,1.25,Intermediate,*9/*42
1.0,0.25,1.25,0.25,0,0,0,0,1,0,1,0,1,0.5,0.5,0.5,1.0,251,124,0.3,0.7,0.7,0,0,0,0,0,0,0,0,0,0,0.51,1.25,Intermediate,*9/*43
1.0,0.5,1.5,0.5,0,0,0,0,1,0,1,0,1,0.5,0.5,0.5,1.0,251,130,0.3,0.3,0.3,0,0,0,0,0,0,0,0,0,0,0.33999999999999997,1.5,Intermediate,*9/*44
1.0,0.25,1.25,0.25,0,0,0,0,1,0,1,0,1,0.5,0.5,0.5,1.0,251,132,0.3,0.3,0.3,0,0,0,0,0,0,0,0,0,0,0.39,1.25,Intermediate,*9/*45
1.0,0.5,1.5,0.5,0,0,0,0,1,0,1,0,1,0.5,0.5,0.5,1.0,251,149,0.3,0.3,0.3,0,0,0,0,0,0,0,0,0,0,0.33999999999999997,1.5,Intermediate,*9/*46
1.0,0.25,1.25,0.25,0,0,0,0,1,0,1,0,1,0.5,0.5,0.5,1.0,251,227,0.3,0.7,0.7,0,0,0,0,0,0,0,0,0,0,0.51,1.25,Intermediate,*9/*50
1.0,0.25,1.25,0.25,0,0,0,0,1,0,1,0,1,0.5,0.5,0.5,1.0,251,299,0.3,0.8,0.8,0,0,0,1,0,0,0,0,0,0,0.54,1.25,Intermediate,*9/*52
1.0,0.25,1.25,0.25,0,0,0,0,1,0,1,0,1,0.5,0.5,0.5,1.0,251,361,0.3,0.9,0.9,1,0,0,0,0,0,0,0,0,0,0.5700000000000001,1.25,Intermediate,*9/*55
1.0,0.5,1.5,0.5,0,0,0,0,0,0,1,0,1,0.5,0.5,0.5,1.0,251,144,0.3,0.3,0.3,0,0,0,0,0,0,0,0,0,0,0.33999999999999997,1.5,Intermediate,*9/*61
0.5,0.5,1.0,0.5,0,0,0,1,1,1,0,0,0,0.5,0.5,0.5,1.0,335,335,0.3,0.3,0.3,0,0,0,0,0,0,0,0,0,1,0.43999999999999995,1.0,Intermediate,*11/*11
0.5,0.25,0.75,0.25,0,0,0,1,1,1,0,0,0,0.5,0.5,0.5,1.0,335,489,0.3,1.0,1.0,0,1,1,0,0,0,0,0,0,1,0.7,0.75,Intermediate,*11/*12
0.5,0.25,0.75,0.25,0,0,0,1,1,1,0,0,0,0.5,0.5,0.5,1.0,335,125,0.3,0.7,0.7,0,0,0,0,0,0,0,0,0,1,0.61,0.75,Intermediate,*11/*14
0.5,0.25,0.75,0.25,0,0,0,1,1,1,0,0,0,0.5,0.5,0.5,1.0,335,299,0.3,0.8,0.8,0,0,0,1,0,0,0,0,0,1,0.64,0.75,Intermediate,*11/*16
0.5,0.5,1.0,0.5,0,0,0,1,0,0,0,0,0,0.5,0.5,0.5,1.0,335,76,0.3,0.3,0.3,0,0,0,0,0,0,0,0,0,1,0.43999999999999995,1.0,Intermediate,*11/*23
0.5,0.5,1.0,0.5,0,0,0,1,0,0,0,0,0,0.5,0.5,0.5,1.0,335,130,0.3,0.3,0.3,0,0,0,0,0,0,0,0,0,1,0.43999999999999995,1.0,Intermediate,*11/*26
0.5,0.5,1.0,0.5,0,0,0,1,0,0,0,0,0,0.5,0.5,0.5,1.0,335,214,0.3,0.7,0.7,0,0,0,0,0,0,0,0,0,1,0.5599999999999999,1.0,Intermediate,*11/*28
0.5,0.25,0.75,0.25,0,0,0,1,1,1,0,0,0,0.5,0.5,0.5,1.0,335,279,0.3,0.3,0.3,0,0,0,0,0,0,0,0,0,1,0.49,0.75,Intermediate,*11/*29
0.5,0.5,1.0,0.5,0,0,0,1,0,0,0,0,0,0.5,0.5,0.5,1.0,335,477,0.3,1.0,1.0,0,1,1,0,0,0,0,0,0,1,0.6499999999999999,1.0,Intermediate,*11/*30
0.5,0.25,0.75,0.25,0,0,0,1,1,1,0,0,0,0.5,0.5,0.5,1.0,335,327,0.3,0.3,0.3,0,0,0,0,0,0,0,0,0,1,0.49,0.75,Intermediate,*11/*31
0.5,0.25,0.75,0.25,0,0,0,1,1,1,0,0,0,0.5,0.5,0.5,1.0,335,49,0.3,0.3,0.3,0,0,0,0,0,0,0,0,0,1,0.49,0.75,Intermediate,*11/*37
0.5,0.5,1.0,0.5,0,0,0,1,1,1,0,0,0,0.5,0.5,0.5,1.0,335,96,0.3,0.3,0.3,0,0,0,0,0,0,0,0,0,1,0.43999999999999995,1.0,Intermediate,*11/*38
0.5,0.5,1.0,0.5,0,0,0,1,1,1,0,0,0,0.5,0.5,0.5,1.0,335,130,0.3,0.3,0.3,0,0,0,0,0,0,0,0,0,1,0.43999999999999995,1.0,Intermediate,*11/*44
0.5,0.5,1.0,0.5,0,0,0,1,1,1,0,0,0,0.5,0.5,0.5,1.0,335,149,0.3,0.3,0.3,0,0,0,0,0,0,0,0,0,1,0.43999999999999995,1.0,Intermediate,*11/*46
0.5,0.25,0.75,0.25,0,0,0,1,1,1,0,0,0,0.5,0.5,0.5,1.0,335,227,0.3,0.7,0.7,0,0,0,0,0,0,0,0,0,1,0.61,0.75,Intermediate,*11/*50
0.5,0.25,0.75,0.25,0,0,0,1,1,1,0,0,0,0.5,0.5,0.5,1.0,335,361,0.3,0.9,0.9,1,0,0,0,0,0,0,0,0,1,0.67,0.75,Intermediate,*11/*55
0.5,0.5,1.0,0.5,0,0,0,1,0,0,0,0,0,0.5,0.5,0.5,1.0,335,144,0.3,0.3,0.3,0,0,0,0,0,0,0,0,0,1,0.43999999999999995,1.0,Intermediate,*11/*61
0.25,0.25,0.5,0.25,0,0,0,1,1,1,0,0,0,0.5,0.5,0.5,1.0,489,489,1.0,1.0,1.0,0,1,1,0,0,0,0,0,0,0,0.75,0.5,Intermediate,*12/*12
0.25,0.25,0.5,0.25,0,0,0,1,1,1,0,0,0,0.5,0.5,0.5,1.0,489,125,1.0,0.7,1.0,0,1,1,0,0,0,0,0,0,0,0.75,0.5,Intermediate,*12/*14
0.25,0.25,0.5,0.25,0,0,0,1,1,1,0,0,0,0.5,0.5,0.5,1.0,489,299,1.0,0.8,1.0,0,1,1,1,0,0,0,0,0,0,0.75,0.5,Intermediate,*12/*16
0.25,0.5,0.75,0.25,0,0,0,1,0,0,0,0,0,0.5,0.5,0.5,1.0,489,76,1.0,0.3,1.0,0,1,1,0,0,0,0,0,0,0,0.7,0.75,Intermediate,*12/*23
0.25,0.5,0.75,0.25,0,0,0,1,0,0,0,0,0,0.5,0.5,0.5,1.0,489,130,1.0,0.3,1.0,0,1,1,0,0,0,0,0,0,0,0.7,0.75,Intermediate,*12/*26
0.25,0.5,0.75,0.25,0,0,0,1,0,0,0,0,0,0.5,0.5,0.5,1.0,489,214,1.0,0.7,1.0,0,1,1,0,0,0,0,0,0,0,0.7,0.75,Intermediate,*12/*28
0.25,0.25,0.5,0.25,0,0,0,1,1,1,0,0,0,0.5,0.5,0.5,1.0,489,279,1.0,0.3,1.0,0,1,1,0,0,0,0,0,0,0,0.75,0.5,Intermediate,*12/*29
0.25,0.5,0.75,0.25,0,0,0,1,0,0,0,0,0,0.5,0.5,0.5,1.0,489,477,1.0,1.0,1.0,0,1,1,0,0,0,0,0,0,0,0.7,0.75,Intermediate,*12/*30
0.25,0.25,0.5,0.25,0,0,0,1,1,1,0,0,0,0.5,0.5,0.5,1.0,489,327,1.0,0.3,1.0,0,1,1,0,0,0,0,0,0,0,0.75,0.5,Intermediate,*12/*31
0.25,0.25,0.5,0.25,0,0,0,1,1,1,0,0,0,0.5,0.5,0.5,1.0,489,49,1.0,0.3,1.0,0,1,1,0,0,0,0,0,0,0,0.75,0.5,Intermediate,*12/*37
0.25,0.5,0.75,0.25,0,0,0,1,1,1,0,0,0,0.5,0.5,0.5,1.0,489,96,1.0,0.3,1.0,0,1,1,0,0,0,0,0,0,0,0.7,0.75,Intermediate,*12/*38
0.25,0.5,0.75,0.25,0,0,0,1,1,1,0,0,0,0.5,0.5,0.5,1.0,489,130,1.0,0.3,1.0,0,1,1,0,0,0,0,0,0,0,0.7,0.75,Intermediate,*12/*44
0.25,0.5,0.75,0.25,0,0,0,1,1,1,0,0,0,0.5,0.5,0.5,1.0,489,149,1.0,0.3,1.0,0,1,1,0,0,0,0,0,0,0,0.7,0.75,Intermediate,*12/*46
0.25,0.25,0.5,0.25,0,0,0,1,1,1,0,0,0,0.5,0.5,0.5,1.0,489,227,1.0,0.7,1.0,0,1,1,0,0,0,0,0,0,0,0.75,0.5,Intermediate,*12/*50
0.25,0.25,0.5,0.25,0,0,0,1,1,1,0,0,0,0.5,0.5,0.5,1.0,489,361,1.0,0.9,1.0,1,1,1,0,0,0,0,0,0,0,0.75,0.5,Intermediate,*12/*55
0.25,0.5,0.75,0.25,0,0,0,1,0,0,0,0,0,0.5,0.5,0.5,1.0,489,144,1.0,0.3,1.0,0,1,1,0,0,0,0,0,0,0,0.7,0.75,Intermediate,*12/*61
0.25,0.25,0.5,0.25,0,0,0,1,1,1,0,0,0,0.5,0.5,0.5,1.0,125,125,0.7,0.7,0.7,0,0,0,0,0,0,0,0,0,0,0.66,0.5,Intermediate,*14/*14
0.25,0.25,0.5,0.25,0,0,0,1,1,1,0,0,0,0.5,0.5,0.5,1.0,125,299,0.7,0.8,0.8,0,0,0,1,0,0,0,0,0,0,0.6900000000000001,0.5,Intermediate,*14/*16
0.25,0.5,0.75,0.25,0,0,0,1,0,0,0,0,0,0.5,0.5,0.5,1.0,125,76,0.7,0.3,0.7,0,0,0,0,0,0,0,0,0,0,0.61,0.75,Intermediate,*14/*23
0.25,0.5,0.75,0.25,0,0,0,1,0,0,0,0,0,0.5,0.5,0.5,1.0,125,130,0.7,0.3,0.7,0,0,0,0,0,0,0,0,0,0,0.61,0.75,Intermediate,*14/*26
0.25,0.5,0.75,0.25,0,0,0,1,0,0,0,0,0,0.5,0.5,0.5,1.0,125,214,0.7,0.7,0.7,0,0,0,0,0,0,0,0,0,0,0.61,0.75,Intermediate,*14/*28
0.25,0.25,0.5,0.25,0,0,0,1,1,1,0,0,0,0.5,0.5,0.5,1.0,125,279,0.7,0.3,0.7,0,0,0,0,0,0,0,0,0,0,0.66,0.5,Intermediate,*14/*29
0.25,0.5,0.75,0.25,0,0,0,1,0,0,0,0,0,0.5,0.5,0.5,1.0,125,477,0.7,1.0,1.0,0,1,1,0,0,0,0,0,0,0,0.7,0.75,Intermediate,*14/*30
0.25,0.25,0.5,0.25,0,0,0,1,1,1,0,0,0,0.5,0.5,0.5,1.0,125,327,0.7,0.3,0.7,0,0,0,0,0,0,0,0,0,0,0.66,0.5,Intermediate,*14/*31
0.25,0.25,0.5,0.25,0,0,0,1,1,1,0,0,0,0.5,0.5,0.5,1.0,125,49,0.7,0.3,0.7,0,0,0,0,0,0,0,0,0,0,0.66,0.5,Intermediate,*14/*37
0.25,0.5,0.75,0.25,0,0,0,1,1,1,0,0,0,0.5,0.5,0.5,1.0,125,96,0.7,0.3,0.7,0,0,0,0,0,0,0,0,0,0,0.61,0.75,Intermediate,*14/*38
0.25,0.5,0.75,0.25,0,0,0,1,1,1,0,0,0,0.5,0.5,0.5,1.0,125,130,0.7,0.3,0.7,0,0,0,0,0,0,0,0,0,0,0.61,0.75,Intermediate,*14/*44
0.25,0.5,0.75,0.25,0,0,0,1,1,1,0,0,0,0.5,0.5,0.5,1.0,125,149,0.7,0.3,0.7,0,0,0,0,0,0,0,0,0,0,0.61,0.75,Intermediate,*14/*46
0.25,0.25,0.5,0.25,0,0,0,1,1,1,0,0,0,0.5,0.5,0.5,1.0,125,227,0.7,0.7,0.7,0,0,0,0,0,0,0,0,0,0,0.66,0.5,Intermediate,*14/*50
0.25,0.25,0.5,0.25,0,0,0,1,1,1,0,0,0,0.5,0.5,0.5,1.0,125,361,0.7,0.9,0.9,1,0,0,0,0,0,0,0,0,0,0.7200000000000001,0.5,Intermediate,*14/*55
0.25,0.5,0.75,0.25,0,0,0,1,0,0,0,0,0,0.5,0.5,0.5,1.0,125,144,0.7,0.3,0.7,0,0,0,0,0,0,0,0,0,0,0.61,0.75,Intermediate,*14/*61
0.25,0.25,0.5,0.25,0,0,0,1,1,1,0,0,0,0.5,0.5,0.5,1.0,299,299,0.8,0.8,0.8,0,0,0,1,0,0,0,0,0,0,0.6900000000000001,0.5,Intermediate,*16/*16
0.25,0.5,0.75,0.25,0,0,0,1,0,0,0,0,0,0.5,0.5,0.5,1.0,299,76,0.8,0.3,0.8,0,0,0,1,0,0,0,0,0,0,0.64,0.75,Intermediate,*16/*23
0.25,0.5,0.75,0.25,0,0,0,1,0,0,0,0,0,0.5,0.5,0.5,1.0,299,130,0.8,0.3,0.8,0,0,0,1,0,0,0,0,0,0,0.64,0.75,Intermediate,*16/*26
0.25,0.5,0.75,0.25,0,0,0,1,0,0,0,0,0,0.5,0.5,0.5,1.0,299,214,0.8,0.7,0.8,0,0,0,1,0,0,0,0,0,0,0.64,0.75,Intermediate,*16/*28
0.25,0.25,0.5,0.25,0,0,0,1,1,1,0,0,0,0.5,0.5,0.5,1.0,299,279,0.8,0.3,0.8,0,0,0,1,0,0,0,0,0,0,0.6900000000000001,0.5,Intermediate,*16/*29
0.25,0.5,0.75,0.25,0,0,0,1,0,0,0,0,0,0.5,0.5,0.5,1.0,299,477,0.8,1.0,1.0,0,1,1,1,0,0,0,0,0,0,0.7,0.75,Intermediate,*16/*30
0.25,0.25,0.5,0.25,0,0,0,1,1,1,0,0,0,0.5,0.5,0.5,1.0,299,327,0.8,0.3,0.8,0,0,0,1,0,0,0,0,0,0,0.6900000000000001,0.5,Intermediate,*16/*31
0.25,0.25,0.5,0.25,0,0,0,1,1,1,0,0,0,0.5,0.5,0.5,1.0,299,49,0.8,0.3,0.8,0,0,0,1,0,0,0,0,0,0,0.6900000000000001,0.5,Intermediate,*16/*37
0.25,0.5,0.75,0.25,0,0,0,1,1,1,0,0,0,0.5,0.5,0.5,1.0,299,96,0.8,0.3,0.8,0,0,0,1,0,0,0,0,0,0,0.64,0.75,Intermediate,*16/*38
0.25,0.5,0.75,0.25,0,0,0,1,1,1,0,0,0,0.5,0.5,0.5,1.0,299,130,0.8,0.3,0.8,0,0,0,1,0,0,0,0,0,0,0.64,0.75,Intermediate,*16/*44
0.25,0.5,0.75,0.25,0,0,0,1,1,1,0,0,0,0.5,0.5,0.5,1.0,299,149,0.8,0.3,0.8,0,0,0,1,0,0,0,0,0,0,0.64,0.75,Intermediate,*16/*46
0.25,0.25,0.5,0.25,0,0,0,1,1,1,0,0,0,0.5,0.5,0.5,1.0,299,227,0.8,0.7,0.8,0,0,0,1,0,0,0,0,0,0,0.6900000000000001,0.5,Intermediate,*16/*50
0.25,0.25,0.5,0.25,0,0,0,1,1,1,0,0,0,0.5,0.5,0.5,1.0,299,361,0.8,0.9,0.9,1,0,0,1,0,0,0,0,0,0,0.7200000000000001,0.5,Intermediate,*16/*55
0.25,0.5,0.75,0.25,0,0,0,1,0,0,0,0,0,0.5,0.5,0.5,1.0,299,144,0.8,0.3,0.8,0,0,0,1,0,0,0,0,0,0,0.64,0.75,Intermediate,*16/*61
0.5,0.5,1.0,0.5,0,0,0,0,0,0,0,0,0,0.5,0.5,0.5,1.0,76,76,0.3,0.3,0.3,0,0,0,0,0,0,0,0,0,0,0.43999999999999995,1.0,Intermediate,*23/*23
0.5,0.5,1.0,0.5,0,0,0,0,0,0,0,0,0,0.5,0.5,0.5,1.0,76,130,0.3,0.3,0.3,0,0,0,0,0,0,0,0,0,0,0.43999999999999995,1.0,Intermediate,*23/*26
0.5,0.5,1.0,0.5,0,0,0,0,0,0,0,0,0,0.5,0.5,0.5,1.0,76,214,0.3,0.7,0.7,0,0,0,0,0,0,0,0,0,0,0.5599999999999999,1.0,Intermediate,*23/*28
0.5,0.25,0.75,0.25,0,0,0,0,1,0,0,0,0,0.5,0.5,0.5,1.0,76,279,0.3,0.3,0.3,0,0,0,0,0,0,0,0,0,0,0.49,0.75,Intermediate,*23/*29
0.5,0.5,1.0,0.5,0,0,0,0,0,0,0,0,0,0.5,0.5,0.5,1.0,76,477,0.3,1.0,1.0,0,1,1,0,0,0,0,0,0,0,0.6499999999999999,1.0,Intermediate,*23/*30
0.5,0.25,0.75,0.25,0,0,0,0,1,0,0,0,0,0.5,0.5,0.5,1.0,76,327,0.3,0.3,0.3,0,0,0,0,0,0,0,0,0,0,0.49,0.75,Intermediate,*23/*31
0.5,0.25,0.75,0.25,0,0,0,0,1,0,0,0,0,0.5,0.5,0.5,1.0,76,49,0.3,0.3,0.3,0,0,0,0,0,0,0,0,0,0,0.49,0.75,Intermediate,*23/*37
0.5,0.5,1.0,0.5,0,0,0,0,1,0,0,0,0,0.5,0.5,0.5,1.0,76,96,0.3,0.3,0.3,0,0,0,0,0,0,0,0,0,0,0.43999999999999995,1.0,Intermediate,*23/*38
0.5,0.5,1.0,0.5,0,0,0,0,1,0,0,0,0,0.5,0.5,0.5,1.0,76,130,0.3,0.3,0.3,0,0,0,0,0,0,0,0,0,0,0.43999999999999995,1.0,Intermediate,*23/*44
0.5,0.5,1.0,0.5,0,0,0,0,1,0,0,0,0,0.5,0.5,0.5,1.0,76,149,0.3,0.3,0.3,0,0,0,0,0,0,0,0,0,0,0.43999999999999995,1.0,Intermediate,*23/*46
0.5,0.25,0.75,0.25,0,0,0,0,1,0,0,0,0,0.5,0.5,0.5,1.0,76,227,0.3,0.7,0.7,0,0,0,0,0,0,0,0,0,0,0.61,0.75,Intermediate,*23/*50
0.5,0.25,0.75,0.25,0,0,0,0,1,0,0,0,0,0.5,0.5,0.5,1.0,76,361,0.3,0.9,0.9,1,0,0,0,0,0,0,0,0,0,0.67,0.75,Intermediate,*23/*55
0.5,0.5,1.0,0.5,0,0,0,0,0,0,0,0,0,0.5,0.5,0.5,1.0,76,144,0.3,0.3,0.3,0,0,0,0,0,0,0,0,0,0,0.43999999999999995,1.0,Intermediate,*23/*61
0.5,0.5,1.0,0.5,0,0,0,0,0,0,0,0,0,0.5,0.5,0.5,1.0,130,130,0.3,0.3,0.3,0,0,0,0,0,0,0,0,0,0,0.43999999999999995,1.0,Intermediate,*26/*26
0.5,0.5,1.0,0.5,0,0,0,0,0,0,0,0,0,0.5,0.5,0.5,1.0,130,214,0.3,0.7,0.7,0,0,0,0,0,0,0,0,0,0,0.5599999999999999,1.0,Intermediate,*26/*28
0.5,0.25,0.75,0.25,0,0,0,0,1,0,0,0,0,0.5,0.5,0.5,1.0,130,279,0.3,0.3,0.3,0,0,0,0,0,0,0,0,0,0,0.49,0.75,Intermediate,*26/*29
0.5,0.5,1.0,0.5,0,0,0,0,0,0,0,0,0,0.5,0.5,0.5,1.0,130,477,0.3,1.0,1.0,0,1,1,0,0,0,0,0,0,0,0.6499999999999999,1.0,Intermediate,*26/*30
0.5,0.25,0.75,0.25,0,0,0,0,1,0,0,0,0,0.5,0.5,0.5,1.0,130,327,0.3,0.3,0.3,0,0,0,0,0,0,0,0,0,0,0.49,0.75,Intermediate,*26/*31
0.5,0.25,0.75,0.25,0,0,0,0,1,0,0,0,0,0.5,0.5,0.5,1.0,130,49,0.3,0.3,0.3,0,0,0,0,0,0,0,0,0,0,0.49,0.75,Intermediate,*26/*37
0.5,0.5,1.0,0.5,0,0,0,0,1,0,0,0,0,0.5,0.5,0.5,1.0,130,96,0.3,0.3,0.3,0,0,0,0,0,0,0,0,0,0,0.43999999999999995,1.0,Intermediate,*26/*38
0.5,0.5,1.0,0.5,0,0,0,0,1,0,0,0,0,0.5,0.5,0.5,1.0,130,130,0.3,0.3,0.3,0,0,0,0,0,0,0,0,0,0,0.43999999999999995,1.0,Intermediate,*26/*44
0.5,0.5,1.0,0.5,0,0,0,0,1,0,0,0,0,0.5,0.5,0.5,1.0,130,149,0.3,0.3,0.3,0,0,0,0,0,0,0,0,0,0,0.43999999999999995,1.0,Intermediate,*26/*46
0.5,0.25,0.75,0.25,0,0,0,0,1,0,0,0,0,0.5,0.5,0.5,1.0,130,227,0.3,0.7,0.7,0,0,0,0,0,0,0,0,0,0,0.61,0.75,Intermediate,*26/*50
0.5,0.25,0.75,0.25,0,0,0,0,1,0,0,0,0,0.5,0.5,0.5,1.0,130,361,0.3,0.9,0.9,1,0,0,0,0,0,0,0,0,0,0.67,0.75,Intermediate,*26/*55
0.5,0.5,1.0,0.5,0,0,0,0,0,0,0,0,0,0.5,0.5,0.5,1.0,130,144,0.3,0.3,0.3,0,0,0,0,0,0,0,0,0,0,0.43999999999999995,1.0,Intermediate,*26/*61
0.5,0.5,1.0,0.5,0,0,0,0,0,0,0,0,0,0.5,0.5,0.5,1.0,214,214,0.7,0.7,0.7,0,0,0,0,0,0,0,0,0,0,0.5599999999999999,1.0,Intermediate,*28/*28
0.5,0.25,0.75,0.25,0,0,0,0,1,0,0,0,0,0.5,0.5,0.5,1.0,214,279,0.7,0.3,0.7,0,0,0,0,0,0,0,0,0,0,0.61,0.75,Intermediate,*28/*29
0.5,0.5,1.0,0.5,0,0,0,0,0,0,0,0,0,0.5,0.5,0.5,1.0,214,477,0.7,1.0,1.0,0,1,1,0,0,0,0,0,0,0,0.6499999999999999,1.0,Intermediate,*28/*30
0.5,0.25,0.75,0.25,0,0,0,0,1,0,0,0,0,0.5,0.5,0.5,1.0,214,327,0.7,0.3,0.7,0,0,0,0,0,0,0,0,0,0,0.61,0.75,Intermediate,*28/*31
0.5,0.25,0.75,0.25,0,0,0,0,1,0,0,0,0,0.5,0.5,0.5,1.0,214,49,0.7,0.3,0.7,0,0,0,0,0,0,0,0,0,0,0.61,0.75,Intermediate,*28/*37
0.5,0.5,1.0,0.5,0,0,0,0,1,0,0,0,0,0.5,0.5,0.5,1.0,214,96,0.7,0.3,0.7,0,0,0,0,0,0,0,0,0,0,0.5599999999999999,1.0,Intermediate,*28/*38
0.5,0.5,1.0,0.5,0,0,0,0,1,0,0,0,0,0.5,0.5,0.5,1.0,214,130,0.7,0.3,0.7,0,0,0,0,0,0,0,0,0,0,0.5599999999999999,1.0,Intermediate,*28/*44
0.5,0.5,1.0,0.5,0,0,0,0,1,0,0,0,0,0.5,0.5,0.5,1.0,214,149,0.7,0.3,0.7,0,0,0,0,0,0,0,0,0,0,0.5599999999999999,1.0,Intermediate,*28/*46
0.5,0.25,0.75,0.25,0,0,0,0,1,0,0,0,0,0.5,0.5,0.5,1.0,214,227,0.7,0.7,0.7,0,0,0,0,0,0,0,0,0,0,0.61,0.75,Intermediate,*28/*50
0.5,0.25,0.75,0.25,0,0,0,0,1,0,0,0,0,0.5,0.5,0.5,1.0,214,361,0.7,0.9,0.9,1,0,0,0,0,0,0,0,0,0,0.67,0.75,Intermediate,*28/*55
0.5,0.5,1.0,0.5,0,0,0,0,0,0,0,0,0,0.5,0.5,0.5,1.0,214,144,0.7,0.3,0.7,0,0,0,0,0,0,0,0,0,0,0.5599999999999999,1.0,Intermediate,*28/*61
0.25,0.25,0.5,0.25,0,0,0,1,1,1,0,0,0,0.5,0.5,0.5,1.0,279,279,0.3,0.3,0.3,0,0,0,0,0,0,0,0,0,0,0.54,0.5,Intermediate,*29/*29
0.25,0.5,0.75,0.25,0,0,0,1,0,0,0,0,0,0.5,0.5,0.5,1.0,279,477,0.3,1.0,1.0,0,1,1,0,0,0,0,0,0,0,0.7,0.75,Intermediate,*29/*30
0.25,0.25,0.5,0.25,0,0,0,1,1,1,0,0,0,0.5,0.5,0.5,1.0,279,327,0.3,0.3,0.3,0,0,0,0,0,0,0,0,0,0,0.54,0.5,Intermediate,*29/*31
0.25,0.25,0.5,0.25,0,0,0,1,1,1,0,0,0,0.5,0.5,0.5,1.0,279,49,0.3,0.3,0.3,0,0,0,0,0,0,0,0,0,0,0.54,0.5,Intermediate,*29/*37
0.25,0.5,0.75,0.25,0,0,0,1,1,1,0,0,0,0.5,0.5,0.5,1.0,279,96,0.3,0.3,0.3,0,0,0,0,0,0,0,0,0,0,0.49,0.75,Intermediate,*29/*38
0.25,0.5,0.75,0.25,0,0,0,1,1,1,0,0,0,0.5,0.5,0.5,1.0,279,130,0.3,0.3,0.3,0,0,0,0,0,0,0,0,0,0,0.49,0.75,Intermediate,*29/*44
0.25,0.5,0.75,0.25,0,0,0,1,1,1,0,0,0,0.5,0.5,0.5,1.0,279,149,0.3,0.3,0.3,0,0,0,0,0,0,0,0,0,0,0.49,0.75,Intermediate,*29/*46
0.25,0.25,0.5,0.25,0,0,0,1,1,1,0,0,0,0.5,0.5,0.5,1.0,279,227,0.3,0.7,0.7,0,0,0,0,0,0,0,0,0,0,0.66,0.5,Intermediate,*29/*50
0.25,0.25,0.5,0.25,0,0,0,1,1,1,0,0,0,0.5,0.5,0.5,1.0,279,361,0.3,0.9,0.9,1,0,0,0,0,0,0,0,0,0,0.7200000000000001,0.5,Intermediate,*29/*55
0.25,0.5,0.75,0.25,0,0,0,1,0,0,0,0,0,0.5,0.5,0.5,1.0,279,144,0.3,0.3,0.3,0,0,0,0,0,0,0,0,0,0,0.49,0.75,Intermediate,*29/*61
0.5,0.5,1.0,0.5,0,0,0,0,0,0,0,0,0,0.5,0.5,0.5,1.0,477,477,1.0,1.0,1.0,0,1,1,0,0,0,0,0,0,0,0.6499999999999999,1.0,Intermediate,*30/*30
0.5,0.25,0.75,0.25,0,0,0,0,1,0,0,0,0,0.5,0.5,0.5,1.0,477,327,1.0,0.3,1.0,0,1,1,0,0,0,0,0,0,0,0.7,0.75,Intermediate,*30/*31
0.5,0.25,0.75,0.25,0,0,0,0,1,0,0,0,0,0.5,0.5,0.5,1.0,477,49,1.0,0.3,1.0,0,1,1,0,0,0,0,0,0,0,0.7,0.75,Intermediate,*30/*37
0.5,0.5,1.0,0.5,0,0,0,0,1,0,0,0,0,0.5,0.5,0.5,1.0,477,96,1.0,0.3,1.0,0,1,1,0,0,0,0,0,0,0,0.6499999999999999,1.0,Intermediate,*30/*38
0.5,0.5,1.0,0.5,0,0,0,0,1,0,0,0,0,0.5,0.5,0.5,1.0,477,130,1.0,0.3,1.0,0,1,1,0,0,0,0,0,0,0,0.6499999999999999,1.0,Intermediate,*30/*44
0.5,0.5,1.0,0.5,0,0,0,0,1,0,0,0,0,0.5,0.5,0.5,1.0,477,149,1.0,0.3,1.0,0,1,1,0,0,0,0,0,0,0,0.6499999999999999,1.0,Intermediate,*30/*46
0.5,0.25,0.75,0.25,0,0,0,0,1,0,0,0,0,0.5,0.5,0.5,1.0,477,227,1.0,0.7,1.0,0,1,1,0,0,0,0,0,0,0,0.7,0.75,Intermediate,*30/*50
0.5,0.25,0.75,0.25,0,0,0,0,1,0,0,0,0,0.5,0.5,0.5,1.0,477,361,1.0,0.9,1.0,1,1,1,0,0,0,0,0,0,0,0.7,0.75,Intermediate,*30/*55
0.5,0.5,1.0,0.5,0,0,0,0,0,0,0,0,0,0.5,0.5,0.5,1.0,477,144,1.0,0.3,1.0,0,1,1,0,0,0,0,0,0,0,0.6499999999999999,1.0,Intermediate,*30/*61
0.25,0.25,0.5,0.25,0,0,0,1,1,1,0,0,0,0.5,0.5,0.5,1.0,327,327,0.3,0.3,0.3,0,0,0,0,0,0,0,0,0,0,0.54,0.5,Intermediate,*31/*31
0.25,0.25,0.5,0.25,0,0,0,1,1,1,0,0,0,0.5,0.5,0.5,1.0,327,49,0.3,0.3,0.3,0,0,0,0,0,0,0,0,0,0,0.54,0.5,Intermediate,*31/*37
0.25,0.5,0.75,0.25,0,0,0,1,1,1,0,0,0,0.5,0.5,0.5,1.0,327,96,0.3,0.3,0.3,0,0,0,0,0,0,0,0,0,0,0.49,0.75,Intermediate,*31/*38
0.25,0.5,0.75,0.25,0,0,0,1,1,1,0,0,0,0.5,0.5,0.5,1.0,327,130,0.3,0.3,0.3,0,0,0,0,0,0,0,0,0,0,0.49,0.75,Intermediate,*31/*44
0.25,0.5,0.75,0.25,0,0,0,1,1,1,0,0,0,0.5,0.5,0.5,1.0,327,149,0.3,0.3,0.3,0,0,0,0,0,0,0,0,0,0,0.49,0.75,Intermediate,*31/*46
0.25,0.25,0.5,0.25,0,0,0,1,1,1,0,0,0,0.5,0.5,0.5,1.0,327,227,0.3,0.7,0.7,0,0,0,0,0,0,0,0,0,0,0.66,0.5,Intermediate,*31/*50
0.25,0.25,0.5,0.25,0,0,0,1,1,1,0,0,0,0.5,0.5,0.5,1.0,327,361,0.3,0.9,0.9,1,0,0,0,0,0,0,0,0,0,0.7200000000000001,0.5,Intermediate,*31/*55
0.25,0.5,0.75,0.25,0,0,0,1,0,0,0,0,0,0.5,0.5,0.5,1.0,327,144,0.3,0.3,0.3,0,0,0,0,0,0,0,0,0,0,0.49,0.75,Intermediate,*31/*61
0.25,0.25,0.5,0.25,0,0,0,1,1,1,0,0,0,0.5,0.5,0.5,1.0,49,49,0.3,0.3,0.3,0,0,0,0,0,0,0,0,0,0,0.54,0.5,Intermediate,*37/*37
0.25,0.5,0.75,0.25,0,0,0,1,1,1,0,0,0,0.5,0.5,0.5,1.0,49,96,0.3,0.3,0.3,0,0,0,0,0,0,0,0,0,0,0.49,0.75,Intermediate,*37/*38
0.25,0.5,0.75,0.25,0,0,0,1,1,1,0,0,0,0.5,0.5,0.5,1.0,49,130,0.3,0.3,0.3,0,0,0,0,0,0,0,0,0,0,0.49,0.75,Intermediate,*37/*44
0.25,0.5,0.75,0.25,0,0,0,1,1,1,0,0,0,0.5,0.5,0.5,1.0,49,149,0.3,0.3,0.3,0,0,0,0,0,0,0,0,0,0,0.49,0.75,Intermediate,*37/*46
0.25,0.25,0.5,0.25,0,0,0,1,1,1,0,0,0,0.5,0.5,0.5,1.0,49,227,0.3,0.7,0.7,0,0,0,0,0,0,0,0,0,0,0.66,0.5,Intermediate,*37/*50
0.25,0.25,0.5,0.25,0,0,0,1,1,1,0,0,0,0.5,0.5,0.5,1.0,49,361,0.3,0.9,0.9,1,0,0,0,0,0,0,0,0,0,0.7200000000000001,0.5,Intermediate,*37/*55
0.25,0.5,0.75,0.25,0,0,0,1,0,0,0,0,0,0.5,0.5,0.5,1.0,49,144,0.3,0.3,0.3,0,0,0,0,0,0,0,0,0,0,0.49,0.75,Intermediate,*37/*61
0.5,0.5,1.0,0.5,0,0,0,1,1,1,0,0,0,0.5,0.5,0.5,1.0,96,96,0.3,0.3,0.3,0,0,0,0,0,0,0,0,0,0,0.43999999999999995,1.0,Intermediate,*38/*38
0.5,0.5,1.0,0.5,0,0,0,1,1,1,0,0,0,0.5,0.5,0.5,1.0,96,130,0.3,0.3,0.3,0,0,0,0,0,0,0,0,0,0,0.43999999999999995,1.0,Intermediate,*38/*44
0.5,0.5,1.0,0.5,0,0,0,1,1,1,0,0,0,0.5,0.5,0.5,1.0,96,149,0.3,0.3,0.3,0,0,0,0,0,0,0,0,0,0,0.43999999999999995,1.0,Intermediate,*38/*46
0.5,0.25,0.75,0.25,0,0,0,1,1,1,0,0,0,0.5,0.5,0.5,1.0,96,227,0.3,0.7,0.7,0,0,0,0,0,0,0,0,0,0,0.61,0.75,Intermediate,*38/*50
0.5,0.25,0.75,0.25,0,0,0,1,1,1,0,0,0,0.5,0.5,0.5,1.0,96,361,0.3,0.9,0.9,1,0,0,0,0,0,0,0,0,0,0.67,0.75,Intermediate,*38/*55
0.5,0.5,1.0,0.5,0,0,0,1,0,0,0,0,0,0.5,0.5,0.5,1.0,96,144,0.3,0.3,0.3,0,0,0,0,0,0,0,0,0,0,0.43999999999999995,1.0,Intermediate,*38/*61
0.5,0.5,1.0,0.5,0,0,0,1,1,1,0,0,0,0.5,0.5,0.5,1.0,130,130,0.3,0.3,0.3,0,0,0,0,0,0,0,0,0,0,0.43999999999999995,1.0,Intermediate,*44/*44
0.5,0.5,1.0,0.5,0,0,0,1,1,1,0,0,0,0.5,0.5,0.5,1.0,130,149,0.3,0.3,0.3,0,0,0,0,0,0,0,0,0,0,0.43999999999999995,1.0,Intermediate,*44/*46
0.5,0.25,0.75,0.25,0,0,0,1,1,1,0,0,0,0.5,0.5,0.5,1.0,130,227,0.3,0.7,0.7,0,0,0,0,0,0,0,0,0,0,0.61,0.75,Intermediate,*44/*50
0.5,0.25,0.75,0.25,0,0,0,1,1,1,0,0,0,0.5,0.5,0.5,1.0,130,361,0.3,0.9,0.9,1,0,0,0,0,0,0,0,0,0,0.67,0.75,Intermediate,*44/*55
0.5,0.5,1.0,0.5,0,0,0,1,0,0,0,0,0,0.5,0.5,0.5,1.0,130,144,0.3,0.3,0.3,0,0,0,0,0,0,0,0,0,0,0.43999999999999995,1.0,Intermediate,*44/*61
0.5,0.5,1.0,0.5,0,0,0,1,1,1,0,0,0,0.5,0.5,0.5,1.0,149,149,0.3,0.3,0.3,0,0,0,0,0,0,0,0,0,0,0.43999999999999995,1.0,Intermediate,*46/*46
0.5,0.25,0.75,0.25,0,0,0,1,1,1,0,0,0,0.5,0.5,0.5,1.0,149,227,0.3,0.7,0.7,0,0,0,0,0,0,0,0,0,0,0.61,0.75,Intermediate,*46/*50
0.5,0.25,0.75,0.25,0,0,0,1,1,1,0,0,0,0.5,0.5,0.5,1.0,149,361,0.3,0.9,0.9,1,0,0,0,0,0,0,0,0,0,0.67,0.75,Intermediate,*46/*55
0.5,0.5,1.0,0.5,0,0,0,1,0,0,0,0,0,0.5,0.5,0.5,1.0,149,144,0.3,0.3,0.3,0,0,0,0,0,0,0,0,0,0,0.43999999999999995,1.0,Intermediate,*46/*61
0.25,0.25,0.5,0.25,0,0,0,1,1,1,0,0,0,0.5,0.5,0.5,1.0,227,227,0.7,0.7,0.7,0,0,0,0,0,0,0,0,0,0,0.66,0.5,Intermediate,*50/*50
0.25,0.25,0.5,0.25,0,0,0,1,1,1,0,0,0,0.5,0.5,0.5,1.0,227,361,0.7,0.9,0.9,1,0,0,0,0,0,0,0,0,0,0.7200000000000001,0.5,Intermediate,*50/*55
0.25,0.5,0.75,0.25,0,0,0,1,0,0,0,0,0,0.5,0.5,0.5,1.0,227,144,0.7,0.3,0.7,0,0,0,0,0,0,0,0,0,0,0.61,0.75,Intermediate,*50/*61
0.25,0.25,0.5,0.25,0,0,0,1,1,1,0,0,0,0.5,0.5,0.5,1.0,361,361,0.9,0.9,0.9,1,0,0,0,0,0,0,0,0,0,0.7200000000000001,0.5,Intermediate,*55/*55
0.25,0.5,0.75,0.25,0,0,0,1,0,0,0,0,0,0.5,0.5,0.5,1.0,361,144,0.9,0.3,0.9,1,0,0,0,0,0,0,0,0,0,0.67,0.75,Intermediate,*55/*61
0.5,0.5,1.0,0.5,0,0,0,0,0,0,0,0,0,0.5,0.5,0.5,1.0,144,144,0.3,0.3,0.3,0,0,0,0,0,0,0,0,0,0,0.43999999999999995,1.0,Intermediate,*61/*61
0.5,0.0,0.5,0.0,0,1,1,1,0,0,0,0,0,0.5,0.5,0.5,1.0,144,359,0.3,0.9,0.9,1,0,0,0,1,1,0,0,0,0,0.7200000000000001,0.5,Poor,*2/*3
0.5,0.0,0.5,0.0,0,1,1,1,0,0,0,0,0,0.5,1.0,1.0,1.5,144,273,0.3,0.3,0.3,0,0,0,0,1,0,0,1,0,0,0.6900000000000001,0.5,Poor,*2/*6
0.5,0.0,0.5,0.0,0,1,1,1,0,0,0,0,0,0.5,0.5,0.5,1.0,144,90,0.3,0.3,0.3,0,0,0,0,1,0,0,0,0,0,0.54,0.5,Poor,*2/*13
0.5,0.0,0.5,0.0,0,1,1,1,0,0,0,0,0,0.5,0.5,0.5,1.0,144,162,0.3,0.3,0.3,0,0,0,0,1,0,0,0,0,0,0.54,0.5,Poor,*2/*15
0.5,0.5,1.0,0.5,0,0,0,1,1,1,0,0,0,0.5,0.5,0.5,1.0,144,354,0.3,0.3,0.3,0,0,0,0,1,0,0,0,0,0,0.43999999999999995,1.0,Poor,*2/*24
0.5,0.5,1.0,0.5,0,0,0,1,0,0,0,0,0,0.5,0.0,0.5,0.5,144,0,0.3,0.3,0.3,0,0,0,0,1,0,0,0,0,0,0.43999999999999995,1.0,Poor,*2/*25
0.5,0.25,0.75,0.25,0,0,0,1,1,1,0,0,0,0.5,0.5,0.5,1.0,144,132,0.3,0.3,0.3,0,0,0,0,1,0,0,0,0,0,0.49,0.75,Poor,*2/*33
0.5,0.5,1.0,0.5,0,0,0,1,0,0,0,0,0,0.5,0.5,0.5,1.0,144,125,0.3,0.7,0.7,0,0,0,0,1,0,0,0,0,0,0.5599999999999999,1.0,Poor,*2/*35
0.5,0.25,0.75,0.25,0,0,0,1,1,1,0,0,0,0.5,0.5,0.5,1.0,144,98,0.3,0.7,0.7,0,0,0,0,1,0,0,0,0,0,0.61,0.75,Poor,*2/*39
0.5,0.25,0.75,0.25,0,0,0,1,1,1,0,0,0,0.5,0.5,0.5,1.0,144,124,0.3,0.7,0.7,0,0,0,0,1,0,0,0,0,0,0.61,0.75,Poor,*2/*42
0.5,0.25,0.75,0.25,0,0,0,1,1,1,0,0,0,0.5,0.5,0.5,1.0,144,124,0.3,0.7,0.7,0,0,0,0,1,0,0,0,0,0,0.61,0.75,Poor,*2/*43
0.5,0.25,0.75,0.25,0,0,0,1,1,1,0,0,0,0.5,0.5,0.5,1.0,144,132,0.3,0.3,0.3,0,0,0,0,1,0,0,0,0,0,0.49,0.75,Poor,*2/*45
0.5,0.25,0.75,0.25,0,0,0,1,1,1,0,0,0,0.5,0.5,0.5,1.0,144,299,0.3,0.8,0.8,0,0,0,1,1,0,0,0,0,0,0.64,0.75,Poor,*2/*52
0.0,0.0,0.0,0.0,1,1,1,0,0,0,0,0,0,0.5,0.5,0.5,1.0,359,359,0.9,0.9,0.9,1,0,0,0,0,1,0,0,0,0,0.8200000000000001,0.0,Poor,*3/*3
0.0,0.0,0.0,0.0,1,1,1,0,0,0,0,0,0,0.5,0.5,0.5,1.0,359,359,0.9,0.9,0.9,1,0,0,0,0,1,0,0,0,0,0.8200000000000001,0.0,Poor,*3/*4
0.0,0.0,0.0,0.0,1,1,1,0,0,0,0,0,0,0.5,0.5,0.5,1.0,359,360,0.9,0.9,0.9,1,0,0,0,0,1,1,0,0,0,0.8200000000000001,0.0,Poor,*3/*5
0.0,0.0,0.0,0.0,1,1,1,0,0,0,0,0,0,0.5,1.0,1.0,1.5,359,273,0.9,0.3,0.9,1,0,0,0,0,1,0,1,0,0,0.97,0.0,Poor,*3/*6
0.0,0.5,0.5,0.0,1,0,1,0,1,0,0,0,0,0.5,0.5,0.5,1.0,359,150,0.9,0.3,0.9,1,0,0,0,0,1,0,0,1,0,0.7200000000000001,0.5,Poor,*3/*8
0.0,0.5,0.5,0.0,1,0,1,0,1,0,0,0,0,0.5,0.5,0.5,1.0,359,335,0.9,0.3,0.9,1,0,0,0,0,1,0,0,0,1,0.7200000000000001,0.5,Poor,*3/*11
0.0,0.25,0.25,0.0,1,0,1,0,1,0,0,0,0,0.5,0.5,0.5,1.0,359,489,0.9,1.0,1.0,1,1,1,0,0,1,0,0,0,0,0.8,0.25,Poor,*3/*12
0.0,0.0,0.0,0.0,1,1,1,0,0,0,0,0,0,0.5,0.5,0.5,1.0,359,90,0.9,0.3,0.9,1,0,0,0,0,1,0,0,0,0,0.8200000000000001,0.0,Poor,*3/*13
0.0,0.25,0.25,0.0,1,0,1,0,1,0,0,0,0,0.5,0.5,0.5,1.0,359,125,0.9,0.7,0.9,1,0,0,0,0,1,0,0,0,0,0.77,0.25,Poor,*3/*14
0.0,0.0,0.0,0.0,1,1,1,0,0,0,0,0,0,0.5,0.5,0.5,1.0,359,162,0.9,0.3,0.9,1,0,0,0,0,1,0,0,0,0,0.8200000000000001,0.0,Poor,*3/*15
0.0,0.25,0.25,0.0,1,0,1,0,1,0,0,0,0,0.5,0.5,0.5,1.0,359,299,0.9,0.8,0.9,1,0,0,1,0,1,0,0,0,0,0.77,0.25,Poor,*3/*16
0.0,0.5,0.5,0.0,1,0,1,0,0,0,0,0,0,0.5,0.5,0.5,1.0,359,76,0.9,0.3,0.9,1,0,0,0,0,1,0,0,0,0,0.7200000000000001,0.5,Poor,*3/*23
0.0,0.5,0.5,0.0,1,0,1,0,1,0,0,0,0,0.5,0.5,0.5,1.0,359,354,0.9,0.3,0.9,1,0,0,0,0,1,0,0,0,0,0.7200000000000001,0.5,Poor,*3/*24
0.0,0.5,0.5,0.0,1,0,1,0,0,0,0,0,0,0.5,0.0,0.5,0.5,359,0,0.9,0.3,0.9,1,0,0,0,0,1,0,0,0,0,0.7200000000000001,0.5,Poor,*3/*25
0.0,0.5,0.5,0.0,1,0,1,0,0,0,0,0,0,0.5,0.5,0.5,1.0,359,130,0.9,0.3,0.9,1,0,0,0,0,1,0,0,0,0,0.7200000000000001,0.5,Poor,*3/*26
0.0,0.5,0.5,0.0,1,0,1,0,0,0,0,0,0,0.5,0.5,0.5,1.0,359,214,0.9,0.7,0.9,1,0,0,0,0,1,0,0,0,0,0.7200000000000001,0.5,Poor,*3/*28
0.0,0.25,0.25,0.0,1,0,1,0,1,0,0,0,0,0.5,0.5,0.5,1.0,359,279,0.9,0.3,0.9,1,0,0,0,0,1,0,0,0,0,0.77,0.25,Poor,*3/*29
0.0,0.5,0.5,0.0,1,0,1,0,0,0,0,0,0,0.5,0.5,0.5,1.0,359,477,0.9,1.0,1.0,1,1,1,0,0,1,0,0,0,0,0.75,0.5,Poor,*3/*30
0.0,0.25,0.25,0.0,1,0,1,0,1,0,0,0,0,0.5,0.5,0.5,1.0,359,327,0.9,0.3,0.9,1,0,0,0,0,1,0,0,0,0,0.77,0.25,Poor,*3/*31
0.0,0.25,0.25,0.0,1,0,1,0,1,0,0,0,0,0.5,0.5,0.5,1.0,359,132,0.9,0.3,0.9,1,0,0,0,0,1,0,0,0,0,0.77,0.25,Poor,*3/*33
0.0,0.5,0.5,0.0,1,0,1,0,0,0,0,0,0,0.5,0.5,0.5,1.0,359,125,0.9,0.7,0.9,1,0,0,0,0,1,0,0,0,0,0.7200000000000001,0.5,Poor,*3/*35
0.0,0.25,0.25,0.0,1,0,1,0,1,0,0,0,0,0.5,0.5,0.5,1.0,359,49,0.9,0.3,0.9,1,0,0,0,0,1,0,0,0,0,0.77,0.25,Poor,*3/*37
0.0,0.5,0.5,0.0,1,0,1,0,1,0,0,0,0,0.5,0.5,0.5,1.0,359,96,0.9,0.3,0.9,1,0,0,0,0,1,0,0,0,0,0.7200000000000001,0.5,Poor,*3/*38
0.0,0.25,0.25,0.0,1,0,1,0,1,0,0,0,0,0.5,0.5,0.5,1.0,359,98,0.9,0.7,0.9,1,0,0,0,0,1,0,0,0,0,0.77,0.25,Poor,*3/*39
0.0,0.25,0.25,0.0,1,0,1,0,1,0,0,0,0,0.5,0.5,0.5,1.0,359,124,0.9,0.7,0.9,1,0,0,0,0,1,0,0,0,0,0.77,0.25,Poor,*3/*42
0.0,0.25,0.25,0.0,1,0,1,0,1,0,0,0,0,0.5,0.5,0.5,1.0,359,124,0.9,0.7,0.9,1,0,0,0,0,1,0,0,0,0,0.77,0.25,Poor,*3/*43
0.0,0.5,0.5,0.0,1,0,1,0,1,0,0,0,0,0.5,0.5,0.5,1.0,359,130,0.9,0.3,0.9,1,0,0,0,0,1,0,0,0,0,0.7200000000000001,0.5,Poor,*3/*44
0.0,0.25,0.25,0.0,1,0,1,0,1,0,0,0,0,0.5,0.5,0.5,1.0,359,132,0.9,0.3,0.9,1,0,0,0,0,1,0,0,0,0,0.77,0.25,Poor,*3/*45
0.0,0.5,0.5,0.0,1,0,1,0,1,0,0,0,0,0.5,0.5,0.5,1.0,359,149,0.9,0.3,0.9,1,0,0,0,0,1,0,0,0,0,0.7200000000000001,0.5,Poor,*3/*46
0.0,0.25,0.25,0.0,1,0,1,0,1,0,0,0,0,0.5,0.5,0.5,1.0,359,227,0.9,0.7,0.9,1,0,0,0,0,1,0,0,0,0,0.77,0.25,Poor,*3/*50
0.0,0.25,0.25,0.0,1,0,1,0,1,0,0,0,0,0.5,0.5,0.5,1.0,359,299,0.9,0.8,0.9,1,0,0,1,0,1,0,0,0,0,0.77,0.25,Poor,*3/*52
0.0,0.25,0.25,0.0,1,0,1,0,1,0,0,0,0,0.5,0.5,0.5,1.0,359,361,0.9,0.9,0.9,1,0,0,0,0,1,0,0,0,0,0.77,0.25,Poor,*3/*55
0.0,0.5,0.5,0.0,1,0,1,0,0,0,0,0,0,0.5,0.5,0.5,1.0,359,144,0.9,0.3,0.9,1,0,0,0,0,1,0,0,0,0,0.7200000000000001,0.5,Poor,*3/*61
0.0,0.0,0.0,0.0,1,1,1,0,0,0,0,0,0,0.5,1.0,1.0,1.5,359,273,0.9,0.3,0.9,1,0,0,0,0,0,0,1,0,0,0.97,0.0,Poor,*4/*6
0.0,0.0,0.0,0.0,1,1,1,0,0,0,0,0,0,0.5,0.5,0.5,1.0,359,90,0.9,0.3,0.9,1,0,0,0,0,0,0,0,0,0,0.8200000000000001,0.0,Poor,*4/*13
0.0,0.0,0.0,0.0,1,1,1,0,0,0,0,0,0,0.5,0.5,0.5,1.0,359,162,0.9,0.3,0.9,1,0,0,0,0,0,0,0,0,0,0.8200000000000001,0.0,Poor,*4/*15
0.0,0.5,0.5,0.0,1,0,1,0,1,0,0,0,0,0.5,0.5,0.5,1.0,359,354,0.9,0.3,0.9,1,0,0,0,0,0,0,0,0,0,0.7200000000000001,0.5,Poor,*4/*24
0.0,0.5,0.5,0.0,1,0,1,0,0,0,0,0,0,0.5,0.0,0.5,0.5,359,0,0.9,0.3,0.9,1,0,0,0,0,0,0,0,0,0,0.7200000000000001,0.5,Poor,*4/*25
0.0,0.25,0.25,0.0,1,0,1,0,1,0,0,0,0,0.5,0.5,0.5,1.0,359,132,0.9,0.3,0.9,1,0,0,0,0,0,0,0,0,0,0.77,0.25,Poor,*4/*33
0.0,0.5,0.5,0.0,1,0,1,0,0,0,0,0,0,0.5,0.5,0.5,1.0,359,125,0.9,0.7,0.9,1,0,0,0,0,0,0,0,0,0,0.7200000000000001,0.5,Poor,*4/*35
0.0,0.25,0.25,0.0,1,0,1,0,1,0,0,0,0,0.5,0.5,0.5,1.0,359,98,0.9,0.7,0.9,1,0,0,0,0,0,0,0,0,0,0.77,0.25,Poor,*4/*39
0.0,0.25,0.25,0.0,1,0,1,0,1,0,0,0,0,0.5,0.5,0.5,1.0,359,124,0.9,0.7,0.9,1,0,0,0,0,0,0,0,0,0,0.77,0.25,Poor,*4/*42
0.0,0.25,0.25,0.0,1,0,1,0,1,0,0,0,0,0.5,0.5,0.5,1.0,359,124,0.9,0.7,0.9,1,0,0,0,0,0,0,0,0,0,0.77,0.25,Poor,*4/*43
0.0,0.25,0.25,0.0,1,0,1,0,1,0,0,0,0,0.5,0.5,0.5,1.0,359,132,0.9,0.3,0.9,1,0,0,0,0,0,0,0,0,0,0.77,0.25,Poor,*4/*45
0.0,0.25,0.25,0.0,1,0,1,0,1,0,0,0,0,0.5,0.5,0.5,1.0,359,299,0.9,0.8,0.9,1,0,0,1,0,0,0,0,0,0,0.77,0.25,Poor,*4/*52
0.0,0.0,0.0,0.0,1,1,1,0,0,0,0,0,0,0.5,1.0,1.0,1.5,360,273,0.9,0.3,0.9,1,0,0,0,0,0,1,1,0,0,0.97,0.0,Poor,*5/*6
0.0,0.0,0.0,0.0,1,1,1,0,0,0,0,0,0,0.5,0.5,0.5,1.0,360,90,0.9,0.3,0.9,1,0,0,0,0,0,1,0,0,0,0.8200000000000001,0.0,Poor,*5/*13
0.0,0.0,0.0,0.0,1,1,1,0,0,0,0,0,0,0.5,0.5,0.5,1.0,360,162,0.9,0.3,0.9,1,0,0,0,0,0,1,0,0,0,0.8200000000000001,0.0,Poor,*5/*15
0.0,0.5,0.5,0.0,1,0,1,0,1,0,0,0,0,0.5,0.5,0.5,1.0,360,354,0.9,0.3,0.9,1,0,0,0,0,0,1,0,0,0,0.7200000000000001,0.5,Poor,*5/*24
0.0,0.5,0.5,0.0,1,0,1,0,0,0,0,0,0,0.5,0.0,0.5,0.5,360,0,0.9,0.3,0.9,1,0,0,0,0,0,1,0,0,0,0.7200000000000001,0.5,Poor,*5/*25
0.0,0.25,0.25,0.0,1,0,1,0,1,0,0,0,0,0.5,0.5,0.5,1.0,360,132,0.9,0.3,0.9,1,0,0,0,0,0,1,0,0,0,0.77,0.25,Poor,*5/*33
0.0,0.5,0.5,0.0,1,0,1,0,0,0,0,0,0,0.5,0.5,0.5,1.0,360,125,0.9,0.7,0.9,1,0,0,0,0,0,1,0,0,0,0.7200000000000001,0.5,Poor,*5/*35
0.0,0.25,0.25,0.0,1,0,1,0,1,0,0,0,0,0.5,0.5,0.5,1.0,360,98,0.9,0.7,0.9,1,0,0,0,0,0,1,0,0,0,0.77,0.25,Poor,*5/*39
0.0,0.25,0.25,0.0,1,0,1,0,1,0,0,0,0,0.5,0.5,0.5,1.0,360,124,0.9,0.7,0.9,1,0,0,0,0,0,1,0,0,0,0.77,0.25,Poor,*5/*42
0.0,0.25,0.25,0.0,1,0,1,0,1,0,0,0,0,0.5,0.5,0.5,1.0,360,124,0.9,0.7,0.9,1,0,0,0,0,0,1,0,0,0,0.77,0.25,Poor,*5/*43
0.0,0.25,0.25,0.0,1,0,1,0,1,0,0,0,0,0.5,0.5,0.5,1.0,360,132,0.9,0.3,0.9,1,0,0,0,0,0,1,0,0,0,0.77,0.25,Poor,*5/*45
0.0,0.25,0.25,0.0,1,0,1,0,1,0,0,0,0,0.5,0.5,0.5,1.0,360,299,0.9,0.8,0.9,1,0,0,1,0,0,1,0,0,0,0.77,0.25,Poor,*5/*52
0.0,0.0,0.0,0.0,1,1,1,0,0,0,0,0,0,1.0,1.0,1.0,2.0,273,273,0.3,0.3,0.3,0,0,0,0,0,0,0,1,0,0,0.7899999999999999,0.0,Poor,*6/*6
0.0,0.5,0.5,0.0,1,0,1,0,1,0,0,0,0,1.0,0.5,1.0,1.5,273,150,0.3,0.3,0.3,0,0,0,0,0,0,0,1,1,0,0.6900000000000001,0.5,Poor,*6/*8
0.0,0.5,0.5,0.0,1,0,1,0,1,0,0,0,0,1.0,0.5,1.0,1.5,273,335,0.3,0.3,0.3,0,0,0,0,0,0,0,1,0,1,0.6900000000000001,0.5,Poor,*6/*11
0.0,0.25,0.25,0.0,1,0,1,0,1,0,0,0,0,1.0,0.5,1.0,1.5,273,489,0.3,1.0,1.0,0,1,1,0,0,0,0,1,0,0,0.95,0.25,Poor,*6/*12
0.0,0.0,0.0,0.0,1,1,1,0,0,0,0,0,0,1.0,0.5,1.0,1.5,273,90,0.3,0.3,0.3,0,0,0,0,0,0,0,1,0,0,0.7899999999999999,0.0,Poor,*6/*13
0.0,0.25,0.25,0.0,1,0,1,0,1,0,0,0,0,1.0,0.5,1.0,1.5,273,125,0.3,0.7,0.7,0,0,0,0,0,0,0,1,0,0,0.86,0.25,Poor,*6/*14
0.0,0.0,0.0,0.0,1,1,1,0,0,0,0,0,0,1.0,0.5,1.0,1.5,273,162,0.3,0.3,0.3,0,0,0,0,0,0,0,1,0,0,0.7899999999999999,0.0,Poor,*6/*15
0.0,0.25,0.25,0.0,1,0,1,0,1,0,0,0,0,1.0,0.5,1.0,1.5,273,299,0.3,0.8,0.8,0,0,0,1,0,0,0,1,0,0,0.89,0.25,Poor,*6/*16
0.0,0.5,0.5,0.0,1,0,1,0,0,0,0,0,0,1.0,0.5,1.0,1.5,273,76,0.3,0.3,0.3,0,0,0,0,0,0,0,1,0,0,0.6900000000000001,0.5,Poor,*6/*23
0.0,0.5,0.5,0.0,1,0,1,0,1,0,0,0,0,1.0,0.5,1.0,1.5,273,354,0.3,0.3,0.3,0,0,0,0,0,0,0,1,0,0,0.6900000000000001,0.5,Poor,*6/*24
0.0,0.5,0.5,0.0,1,0,1,0,0,0,0,0,0,1.0,0.0,1.0,1.0,273,0,0.3,0.3,0.3,0,0,0,0,0,0,0,1,0,0,0.6900000000000001,0.5,Poor,*6/*25
0.0,0.5,0.5,0.0,1,0,1,0,0,0,0,0,0,1.0,0.5,1.0,1.5,273,130,0.3,0.3,0.3,0,0,0,0,0,0,0,1,0,0,0.6900000000000001,0.5,Poor,*6/*26
0.0,0.5,0.5,0.0,1,0,1,0,0,0,0,0,0,1.0,0.5,1.0,1.5,273,214,0.3,0.7,0.7,0,0,0,0,0,0,0,1,0,0,0.81,0.5,Poor,*6/*28
0.0,0.25,0.25,0.0,1,0,1,0,1,0,0,0,0,1.0,0.5,1.0,1.5,273,279,0.3,0.3,0.3,0,0,0,0,0,0,0,1,0,0,0.74,0.25,Poor,*6/*29
0.0,0.5,0.5,0.0,1,0,1,0,0,0,0,0,0,1.0,0.5,1.0,1.5,273,477,0.3,1.0,1.0,0,1,1,0,0,0,0,1,0,0,0.9000000000000001,0.5,Poor,*6/*30
0.0,0.25,0.25,0.0,1,0,1,0,1,0,0,0,0,1.0,0.5,1.0,1.5,273,327,0.3,0.3,0.3,0,0,0,0,0,0,0,1,0,0,0.74,0.25,Poor,*6/*31
0.0,0.25,0.25,0.0,1,0,1,0,1,0,0,0,0,1.0,0.5,1.0,1.5,273,132,0.3,0.3,0.3,0,0,0,0,0,0,0,1,0,0,0.74,0.25,Poor,*6/*33
0.0,0.5,0.5,0.0,1,0,1,0,0,0,0,0,0,1.0,0.5,1.0,1.5,273,125,0.3,0.7,0.7,0,0,0,0,0,0,0,1,0,0,0.81,0.5,Poor,*6/*35
0.0,0.25,0.25,0.0,1,0,1,0,1,0,0,0,0,1.0,0.5,1.0,1.5,273,49,0.3,0.3,0.3,0,0,0,0,0,0,0,1,0,0,0.74,0.25,Poor,*6/*37
0.0,0.5,0.5,0.0,1,0,1,0,1,0,0,0,0,1.0,0.5,1.0,1.5,273,96,0.3,0.3,0.3,0,0,0,0,0,0,0,1,0,0,0.6900000000000001,0.5,Poor,*6/*38
0.0,0.25,0.25,0.0,1,0,1,0,1,0,0,0,0,1.0,0.5,1.0,1.5,273,98,0.3,0.7,0.7,0,0,0,0,0,0,0,1,0,0,0.86,0.25,Poor,*6/*39
0.0,0.25,0.25,0.0,1,0,1,0,1,0,0,0,0,1.0,0.5,1.0,1.5,273,124,0.3,0.7,0.7,0,0,0,0,0,0,0,1,0,0,0.86,0.25,Poor,*6/*42
0.0,0.25,0.25,0.0,1,0,1,0,1,0,0,0,0,1.0,0.5,1.0,1.5,273,124,0.3,0.7,0.7,0,0,0,0,0,0,0,1,0,0,0.86,0.25,Poor,*6/*43
0.0,0.5,0.5,0.0,1,0,1,0,1,0,0,0,0,1.0,0.5,1.0,1.5,273,130,0.3,0.3,0.3,0,0,0,0,0,0,0,1,0,0,0.6900000000000001,0.5,Poor,*6/*44
0.0,0.25,0.25,0.0,1,0,1,0,1,0,0,0,0,1.0,0.5,1.0,1.5,273,132,0.3,0.3,0.3,0,0,0,0,0,0,0,1,0,0,0.74,0.25,Poor,*6/*45
0.0,0.5,0.5,0.0,1,0,1,0,1,0,0,0,0,1.0,0.5,1.0,1.5,273,149,0.3,0.3,0.3,0,0,0,0,0,0,0,1,0,0,0.6900000000000001,0.5,Poor,*6/*46
0.0,0.25,0.25,0.0,1,0,1,0,1,0,0,0,0,1.0,0.5,1.0,1.5,273,227,0.3,0.7,0.7,0,0,0,0,0,0,0,1,0,0,0.86,0.25,Poor,*6/*50
0.0,0.25,0.25,0.0,1,0,1,0,1,0,0,0,0,1.0,0.5,1.0,1.5,273,299,0.3,0.8,0.8,0,0,0,1,0,0,0,1,0,0,0.89,0.25,Poor,*6/*52
0.0,0.25,0.25,0.0,1,0,1,0,1,0,0,0,0,1.0,0.5,1.0,1.5,273,361,0.3,0.9,0.9,1,0,0,0,0,0,0,1,0,0,0.92,0.25,Poor,*6/*55
0.0,0.5,0.5,0.0,1,0,1,0,0,0,0,0,0,1.0,0.5,1.0,1.5,273,144,0.3,0.3,0.3,0,0,0,0,0,0,0,1,0,0,0.6900000000000001,0.5,Poor,*6/*61
0.5,0.0,0.5,0.0,0,1,1,1,0,0,0,0,0,0.5,0.5,0.5,1.0,150,90,0.3,0.3,0.3,0,0,0,0,0,0,0,0,1,0,0.54,0.5,Poor,*8/*13
0.5,0.0,0.5,0.0,0,1,1,1,0,0,0,0,0,0.5,0.5,0.5,1.0,150,162,0.3,0.3,0.3,0,0,0,0,0,0,0,0,1,0,0.54,0.5,Poor,*8/*15
0.5,0.5,1.0,0.5,0,0,0,1,1,1,0,0,0,0.5,0.5,0.5,1.0,150,354,0.3,0.3,0.3,0,0,0,0,0,0,0,0,1,0,0.43999999999999995,1.0,Poor,*8/*24
0.5,0.5,1.0,0.5,0,0,0,1,0,0,0,0,0,0.5,0.0,0.5,0.5,150,0,0.3,0.3,0.3,0,0,0,0,0,0,0,0,1,0,0.43999999999999995,1.0,Poor,*8/*25
0.5,0.25,0.75,0.25,0,0,0,1,1,1,0,0,0,0.5,0.5,0.5,1.0,150,132,0.3,0.3,0.3,0,0,0,0,0,0,0,0,1,0,0.49,0.75,Poor,*8/*33
0.5,0.5,1.0,0.5,0,0,0,1,0,0,0,0,0,0.5,0.5,0.5,1.0,150,125,0.3,0.7,0.7,0,0,0,0,0,0,0,0,1,0,0.5599999999999999,1.0,Poor,*8/*35
0.5,0.25,0.75,0.25,0,0,0,1,1,1,0,0,0,0.5,0.5,0.5,1.0,150,98,0.3,0.7,0.7,0,0,0,0,0,0,0,0,1,0,0.61,0.75,Poor,*8/*39
0.5,0.25,0.75,0.25,0,0,0,1,1,1,0,0,0,0.5,0.5,0.5,1.0,150,124,0.3,0.7,0.7,0,0,0,0,0,0,0,0,1,0,0.61,0.75,Poor,*8/*42
0.5,0.25,0.75,0.25,0,0,0,1,1,1,0,0,0,0.5,0.5,0.5,1.0,150,124,0.3,0.7,0.7,0,0,0,0,0,0,0,0,1,0,0.61,0.75,Poor,*8/*43
0.5,0.25,0.75,0.25,0,0,0,1,1,1,0,0,0,0.5,0.5,0.5,1.0,150,132,0.3,0.3,0.3,0,0,0,0,0,0,0,0,1,0,0.49,0.75,Poor,*8/*45
0.5,0.25,0.75,0.25,0,0,0,1,1,1,0,0,0,0.5,0.5,0.5,1.0,150,299,0.3,0.8,0.8,0,0,0,1,0,0,0,0,1,0,0.64,0.75,Poor,*8/*52
0.5,0.0,0.5,0.0,0,1,1,1,0,0,0,0,0,0.5,0.5,0.5,1.0,335,90,0.3,0.3,0.3,0,0,0,0,0,0,0,0,0,1,0.54,0.5,Poor,*11/*13
0.5,0.0,0.5,0.0,0,1,1,1,0,0,0,0,0,0.5,0.5,0.5,1.0,335,162,0.3,0.3,0.3,0,0,0,0,0,0,0,0,0,1,0.54,0.5,Poor,*11/*15
0.5,0.5,1.0,0.5,0,0,0,1,1,1,0,0,0,0.5,0.5,0.5,1.0,335,354,0.3,0.3,0.3,0,0,0,0,0,0,0,0,0,1,0.43999999999999995,1.0,Poor,*11/*24
0.5,0.5,1.0,0.5,0,0,0,1,0,0,0,0,0,0.5,0.0,0.5,0.5,335,0,0.3,0.3,0.3,0,0,0,0,0,0,0,0,0,1,0.43999999999999995,1.0,Poor,*11/*25
0.5,0.25,0.75,0.25,0,0,0,1,1,1,0,0,0,0.5,0.5,0.5,1.0,335,132,0.3,0.3,0.3,0,0,0,0,0,0,0,0,0,1,0.49,0.75,Poor,*11/*33
0.5,0.5,1.0,0.5,0,0,0,1,0,0,0,0,0,0.5,0.5,0.5,1.0,335,125,0.3,0.7,0.7,0,0,0,0,0,0,0,0,0,1,0.5599999999999999,1.0,Poor,*11/*35
0.5,0.25,0.75,0.25,0,0,0,1,1,1,0,0,0,0.5,0.5,0.5,1.0,335,98,0.3,0.7,0.7,0,0,0,0,0,0,0,0,0,1,0.61,0.75,Poor,*11/*39
0.5,0.25,0.75,0.25,0,0,0,1,1,1,0,0,0,0.5,0.5,0.5,1.0,335,124,0.3,0.7,0.7,0,0,0,0,0,0,0,0,0,1,0.61,0.75,Poor,*11/*42
0.5,0.25,0.75,0.25,0,0,0,1,1,1,0,0,0,0.5,0.5,0.5,1.0,335,124,0.3,0.7,0.7,0,0,0,0,0,0,0,0,0,1,0.61,0.75,Poor,*11/*43
0.5,0.25,0.75,0.25,0,0,0,1,1,1,0,0,0,0.5,0.5,0.5,1.0,335,132,0.3,0.3,0.3,0,0,0,0,0,0,0,0,0,1,0.49,0.75,Poor,*11/*45
0.5,0.25,0.75,0.25,0,0,0,1,1,1,0,0,0,0.5,0.5,0.5,1.0,335,299,0.3,0.8,0.8,0,0,0,1,0,0,0,0,0,1,0.64,0.75,Poor,*11/*52
0.25,0.0,0.25,0.0,0,1,1,1,0,0,0,0,0,0.5,0.5,0.5,1.0,489,90,1.0,0.3,1.0,0,1,1,0,0,0,0,0,0,0,0.8,0.25,Poor,*12/*13
0.25,0.0,0.25,0.0,0,1,1,1,0,0,0,0,0,0.5,0.5,0.5,1.0,489,162,1.0,0.3,1.0,0,1,1,0,0,0,0,0,0,0,0.8,0.25,Poor,*12/*15
0.25,0.5,0.75,0.25,0,0,0,1,1,1,0,0,0,0.5,0.5,0.5,1.0,489,354,1.0,0.3,1.0,0,1,1,0,0,0,0,0,0,0,0.7,0.75,Poor,*12/*24
0.25,0.5,0.75,0.25,0,0,0,1,0,0,0,0,0,0.5,0.0,0.5,0.5,489,0,1.0,0.3,1.0,0,1,1,0,0,0,0,0,0,0,0.7,0.75,Poor,*12/*25
0.25,0.25,0.5,0.25,0,0,0,1,1,1,0,0,0,0.5,0.5,0.5,1.0,489,132,1.0,0.3,1.0,0,1,1,0,0,0,0,0,0,0,0.75,0.5,Poor,*12/*33
0.25,0.5,0.75,0.25,0,0,0,1,0,0,0,0,0,0.5,0.5,0.5,1.0,489,125,1.0,0.7,1.0,0,1,1,0,0,0,0,0,0,0,0.7,0.75,Poor,*12/*35
0.25,0.25,0.5,0.25,0,0,0,1,1,1,0,0,0,0.5,0.5,0.5,1.0,489,98,1.0,0.7,1.0,0,1,1,0,0,0,0,0,0,0,0.75,0.5,Poor,*12/*39
0.25,0.25,0.5,0.25,0,0,0,1,1,1,0,0,0,0.5,0.5,0.5,1.0,489,124,1.0,0.7,1.0,0,1,1,0,0,0,0,0,0,0,0.75,0.5,Poor,*12/*42
0.25,0.25,0.5,0.25,0,0,0,1,1,1,0,0,0,0.5,0.5,0.5,1.0,489,124,1.0,0.7,1.0,0,1,1,0,0,0,0,0,0,0,0.75,0.5,Poor,*12/*43
0.25,0.25,0.5,0.25,0,0,0,1,1,1,0,0,0,0.5,0.5,0.5,1.0,489,132,1.0,0.3,1.0,0,1,1,0,0,0,0,0,0,0,0.75,0.5,Poor,*12/*45
0.25,0.25,0.5,0.25,0,0,0,1,1,1,0,0,0,0.5,0.5,0.5,1.0,489,299,1.0,0.8,1.0,0,1,1,1,0,0,0,0,0,0,0.75,0.5,Poor,*12/*52
0.0,0.0,0.0,0.0,1,1,1,0,0,0,0,0,0,0.5,0.5,0.5,1.0,90,90,0.3,0.3,0.3,0,0,0,0,0,0,0,0,0,0,0.64,0.0,Poor,*13/*13
0.0,0.25,0.25,0.0,1,0,1,0,1,0,0,0,0,0.5,0.5,0.5,1.0,90,125,0.3,0.7,0.7,0,0,0,0,0,0,0,0,0,0,0.71,0.25,Poor,*13/*14
0.0,0.0,0.0,0.0,1,1,1,0,0,0,0,0,0,0.5,0.5,0.5,1.0,90,162,0.3,0.3,0.3,0,0,0,0,0,0,0,0,0,0,0.64,0.0,Poor,*13/*15
0.0,0.25,0.25,0.0,1,0,1,0,1,0,0,0,0,0.5,0.5,0.5,1.0,90,299,0.3,0.8,0.8,0,0,0,1,0,0,0,0,0,0,0.74,0.25,Poor,*13/*16
0.0,0.5,0.5,0.0,1,0,1,0,0,0,0,0,0,0.5,0.5,0.5,1.0,90,76,0.3,0.3,0.3,0,0,0,0,0,0,0,0,0,0,0.54,0.5,Poor,*13/*23
0.0,0.5,0.5,0.0,1,0,1,0,1,0,0,0,0,0.5,0.5,0.5,1.0,90,354,0.3,0.3,0.3,0,0,0,0,0,0,0,0,0,0,0.54,0.5,Poor,*13/*24
0.0,0.5,0.5,0.0,1,0,1,0,0,0,0,0,0,0.5,0.0,0.5,0.5,90,0,0.3,0.3,0.3,0,0,0,0,0,0,0,0,0,0,0.54,0.5,Poor,*13/*25
0.0,0.5,0.5,0.0,1,0,1,0,0,0,0,0,0,0.5,0.5,0.5,1.0,90,130,0.3,0.3,0.3,0,0,0,0,0,0,0,0,0,0,0.54,0.5,Poor,*13/*26
0.0,0.5,0.5,0.0,1,0,1,0,0,0,0,0,0,0.5,0.5,0.5,1.0,90,214,0.3,0.7,0.7,0,0,0,0,0,0,0,0,0,0,0.66,0.5,Poor,*13/*28
0.0,0.25,0.25,0.0,1,0,1,0,1,0,0,0,0,0.5,0.5,0.5,1.0,90,279,0.3,0.3,0.3,0,0,0,0,0,0,0,0,0,0,0.59,0.25,Poor,*13/*29
0.0,0.5,0.5,0.0,1,0,1,0,0,0,0,0,0,0.5,0.5,0.5,1.0,90,477,0.3,1.0,1.0,0,1,1,0,0,0,0,0,0,0,0.75,0.5,Poor,*13/*30
0.0,0.25,0.25,0.0,1,0,1,0,1,0,0,0,0,0.5,0.5,0.5,1.0,90,327,0.3,0.3,0.3,0,0,0,0,0,0,0,0,0,0,0.59,0.25,Poor,*13/*31
0.0,0.25,0.25,0.0,1,0,1,0,1,0,0,0,0,0.5,0.5,0.5,1.0,90,132,0.3,0.3,0.3,0,0,0,0,0,0,0,0,0,0,0.59,0.25,Poor,*13/*33
0.0,0.5,0.5,0.0,1,0,1,0,0,0,0,0,0,0.5,0.5,0.5,1.0,90,125,0.3,0.7,0.7,0,0,0,0,0,0,0,0,0,0,0.66,0.5,Poor,*13/*35
0.0,0.25,0.25,0.0,1,0,1,0,1,0,0,0,0,0.5,0.5,0.5,1.0,90,49,0.3,0.3,0.3,0,0,0,0,0,0,0,0,0,0,0.59,0.25,Poor,*13/*37
0.0,0.5,0.5,0.0,1,0,1,0,1,0,0,0,0,0.5,0.5,0.5,1.0,90,96,0.3,0.3,0.3,0,0,0,0,0,0,0,0,0,0,0.54,0.5,Poor,*13/*38
0.0,0.25,0.25,0.0,1,0,1,0,1,0,0,0,0,0.5,0.5,0.5,1.0,90,98,0.3,0.7,0.7,0,0,0,0,0,0,0,0,0,0,0.71,0.25,Poor,*13/*39
0.0,0.25,0.25,0.0,1,0,1,0,1,0,0,0,0,0.5,0.5,0.5,1.0,90,124,0.3,0.7,0.7,0,0,0,0,0,0,0,0,0,0,0.71,0.25,Poor,*13/*42
0.0,0.25,0.25,0.0,1,0,1,0,1,0,0,0,0,0.5,0.5,0.5,1.0,90,124,0.3,0.7,0.7,0,0,0,0,0,0,0,0,0,0,0.71,0.25,Poor,*13/*43
0.0,0.5,0.5,0.0,1,0,1,0,1,0,0,0,0,0.5,0.5,0.5,1.0,90,130,0.3,0.3,0.3,0,0,0,0,0,0,0,0,0,0,0.54,0.5,Poor,*13/*44
0.0,0.25,0.25,0.0,1,0,1,0,1,0,0,0,0,0.5,0.5,0.5,1.0,90,132,0.3,0.3,0.3,0,0,0,0,0,0,0,0,0,0,0.59,0.25,Poor,*13/*45
0.0,0.5,0.5,0.0,1,0,1,0,1,0,0,0,0,0.5,0.5,0.5,1.0,90,149,0.3,0.3,0.3,0,0,0,0,0,0,0,0,0,0,0.54,0.5,Poor,*13/*46
0.0,0.25,0.25,0.0,1,0,1,0,1,0,0,0,0,0.5,0.5,0.5,1.0,90,227,0.3,0.7,0.7,0,0,0,0,0,0,0,0,0,0,0.71,0.25,Poor,*13/*50
0.0,0.25,0.25,0.0,1,0,1,0,1,0,0,0,0,0.5,0.5,0.5,1.0,90,299,0.3,0.8,0.8,0,0,0,1,0,0,0,0,0,0,0.74,0.25,Poor,*13/*52
0.0,0.25,0.25,0.0,1,0,1,0,1,0,0,0,0,0.5,0.5,0.5,1.0,90,361,0.3,0.9,0.9,1,0,0,0,0,0,0,0,0,0,0.77,0.25,Poor,*13/*55
0.0,0.5,0.5,0.0,1,0,1,0,0,0,0,0,0,0.5,0.5,0.5,1.0,90,144,0.3,0.3,0.3,0,0,0,0,0,0,0,0,0,0,0.54,0.5,Poor,*13/*61
0.25,0.0,0.25,0.0,0,1,1,1,0,0,0,0,0,0.5,0.5,0.5,1.0,125,162,0.7,0.3,0.7,0,0,0,0,0,0,0,0,0,0,0.71,0.25,Poor,*14/*15
0.25,0.5,0.75,0.25,0,0,0,1,1,1,0,0,0,0.5,0.5,0.5,1.0,125,354,0.7,0.3,0.7,0,0,0,0,0,0,0,0,0,0,0.61,0.75,Poor,*14/*24
0.25,0.5,0.75,0.25,0,0,0,1,0,0,0,0,0,0.5,0.0,0.5,0.5,125,0,0.7,0.3,0.7,0,0,0,0,0,0,0,0,0,0,0.61,0.75,Poor,*14/*25
0.25,0.25,0.5,0.25,0,0,0,1,1,1,0,0,0,0.5,0.5,0.5,1.0,125,132,0.7,0.3,0.7,0,0,0,0,0,0,0,0,0,0,0.66,0.5,Poor,*14/*33
0.25,0.5,0.75,0.25,0,0,0,1,0,0,0,0,0,0.5,0.5,0.5,1.0,125,125,0.7,0.7,0.7,0,0,0,0,0,0,0,0,0,0,0.61,0.75,Poor,*14/*35
0.25,0.25,0.5,0.25,0,0,0,1,1,1,0,0,0,0.5,0.5,0.5,1.0,125,98,0.7,0.7,0.7,0,0,0,0,0,0,0,0,0,0,0.66,0.5,Poor,*14/*39
0.25,0.25,0.5,0.25,0,0,0,1,1,1,0,0,0,0.5,0.5,0.5,1.0,125,124,0.7,0.7,0.7,0,0,0,0,0,0,0,0,0,0,0.66,0.5,Poor,*14/*42
0.25,0.25,0.5,0.25,0,0,0,1,1,1,0,0,0,0.5,0.5,0.5,1.0,125,124,0.7,0.7,0.7,0,0,0,0,0,0,0,0,0,0,0.66,0.5,Poor,*14/*43
0.25,0.25,0.5,0.25,0,0,0,1,1,1,0,0,0,0.5,0.5,0.5,1.0,125,132,0.7,0.3,0.7,0,0,0,0,0,0,0,0,0,0,0.66,0.5,Poor,*14/*45
0.25,0.25,0.5,0.25,0,0,0,1,1,1,0,0,0,0.5,0.5,0.5,1.0,125,299,0.7,0.8,0.8,0,0,0,1,0,0,0,0,0,0,0.6900000000000001,0.5,Poor,*14/*52
0.0,0.0,0.0,0.0,1,1,1,0,0,0,0,0,0,0.5,0.5,0.5,1.0,162,162,0.3,0.3,0.3,0,0,0,0,0,0,0,0,0,0,0.64,0.0,Poor,*15/*15
0.0,0.25,0.25,0.0,1,0,1,0,1,0,0,0,0,0.5,0.5,0.5,1.0,162,299,0.3,0.8,0.8,0,0,0,1,0,0,0,0,0,0,0.74,0.25,Poor,*15/*16
0.0,0.5,0.5,0.0,1,0,1,0,0,0,0,0,0,0.5,0.5,0.5,1.0,162,76,0.3,0.3,0.3,0,0,0,0,0,0,0,0,0,0,0.54,0.5,Poor,*15/*23
0.0,0.5,0.5,0.0,1,0,1,0,1,0,0,0,0,0.5,0.5,0.5,1.0,162,354,0.3,0.3,0.3,0,0,0,0,0,0,0,0,0,0,0.54,0.5,Poor,*15/*24
0.0,0.5,0.5,0.0,1,0,1,0,0,0,0,0,0,0.5,0.0,0.5,0.5,162,0,0.3,0.3,0.3,0,0,0,0,0,0,0,0,0,0,0.54,0.5,Poor,*15/*25
0.0,0.5,0.5,0.0,1,0,1,0,0,0,0,0,0,0.5,0.5,0.5,1.0,162,130,0.3,0.3,0.3,0,0,0,0,0,0,0,0,0,0,0.54,0.5,Poor,*15/*26
0.0,0.5,0.5,0.0,1,0,1,0,0,0,0,0,0,0.5,0.5,0.5,1.0,162,214,0.3,0.7,0.7,0,0,0,0,0,0,0,0,0,0,0.66,0.5,Poor,*15/*28
0.0,0.25,0.25,0.0,1,0,1,0,1,0,0,0,0,0.5,0.5,0.5,1.0,162,279,0.3,0.3,0.3,0,0,0,0,0,0,0,0,0,0,0.59,0.25,Poor,*15/*29
0.0,0.5,0.5,0.0,1,0,1,0,0,0,0,0,0,0.5,0.5,0.5,1.0,162,477,0.3,1.0,1.0,0,1,1,0,0,0,0,0,0,0,0.75,0.5,Poor,*15/*30
0.0,0.25,0.25,0.0,1,0,1,0,1,0,0,0,0,0.5,0.5,0.5,1.0,162,327,0.3,0.3,0.3,0,0,0,0,0,0,0,0,0,0,0.59,0.25,Poor,*15/*31
0.0,0.25,0.25,0.0,1,0,1,0,1,0,0,0,0,0.5,0.5,0.5,1.0,162,132,0.3,0.3,0.3,0,0,0,0,0,0,0,0,0,0,0.59,0.25,Poor,*15/*33
0.0,0.5,0.5,0.0,1,0,1,0,0,0,0,0,0,0.5,0.5,0.5,1.0,162,125,0.3,0.7,0.7,0,0,0,0,0,0,0,0,0,0,0.66,0.5,Poor,*15/*35
0.0,0.25,0.25,0.0,1,0,1,0,1,0,0,0,0,0.5,0.5,0.5,1.0,162,49,0.3,0.3,0.3,0,0,0,0,0,0,0,0,0,0,0.59,0.25,Poor,*15/*37
0.0,0.5,0.5,0.0,1,0,1,0,1,0,0,0,0,0.5,0.5,0.5,1.0,162,96,0.3,0.3,0.3,0,0,0,0,0,0,0,0,0,0,0.54,0.5,Poor,*15/*38
0.0,0.25,0.25,0.0,1,0,1,0,1,0,0,0,0,0.5,0.5,0.5,1.0,162,98,0.3,0.7,0.7,0,0,0,0,0,0,0,0,0,0,0.71,0.25,Poor,*15/*39
0.0,0.25,0.25,0.0,1,0,1,0,1,0,0,0,0,0.5,0.5,0.5,1.0,162,124,0.3,0.7,0.7,0,0,0,0,0,0,0,0,0,0,0.71,0.25,Poor,*15/*42
0.0,0.25,0.25,0.0,1,0,1,0,1,0,0,0,0,0.5,0.5,0.5,1.0,162,124,0.3,0.7,0.7,0,0,0,0,0,0,0,0,0,0,0.71,0.25,Poor,*15/*43
0.0,0.5,0.5,0.0,1,0,1,0,1,0,0,0,0,0.5,0.5,0.5,1.0,162,130,0.3,0.3,0.3,0,0,0,0,0,0,0,0,0,0,0.54,0.5,Poor,*15/*44
0.0,0.25,0.25,0.0,1,0,1,0,1,0,0,0,0,0.5,0.5,0.5,1.0,162,132,0.3,0.3,0.3,0,0,0,0,0,0,0,0,0,0,0.59,0.25,Poor,*15/*45
0.0,0.5,0.5,0.0,1,0,1,0,1,0,0,0,0,0.5,0.5,0.5,1.0,162,149,0.3,0.3,0.3,0,0,0,0,0,0,0,0,0,0,0.54,0.5,Poor,*15/*46
0.0,0.25,0.25,0.0,1,0,1,0,1,0,0,0,0,0.5,0.5,0.5,1.0,162,227,0.3,0.7,0.7,0,0,0,0,0,0,0,0,0,0,0.71,0.25,Poor,*15/*50
0.0,0.25,0.25,0.0,1,0,1,0,1,0,0,0,0,0.5,0.5,0.5,1.0,162,299,0.3,0.8,0.8,0,0,0,1,0,0,0,0,0,0,0.74,0.25,Poor,*15/*52
0.0,0.25,0.25,0.0,1,0,1,0,1,0,0,0,0,0.5,0.5,0.5,1.0,162,361,0.3,0.9,0.9,1,0,0,0,0,0,0,0,0,0,0.77,0.25,Poor,*15/*55
0.0,0.5,0.5,0.0,1,0,1,0,0,0,0,0,0,0.5,0.5,0.5,1.0,162,144,0.3,0.3,0.3,0,0,0,0,0,0,0,0,0,0,0.54,0.5,Poor,*15/*61
0.25,0.5,0.75,0.25,0,0,0,1,1,1,0,0,0,0.5,0.5,0.5,1.0,299,354,0.8,0.3,0.8,0,0,0,1,0,0,0,0,0,0,0.64,0.75,Poor,*16/*24
0.25,0.5,0.75,0.25,0,0,0,1,0,0,0,0,0,0.5,0.0,0.5,0.5,299,0,0.8,0.3,0.8,0,0,0,1,0,0,0,0,0,0,0.64,0.75,Poor,*16/*25
0.25,0.25,0.5,0.25,0,0,0,1,1,1,0,0,0,0.5,0.5,0.5,1.0,299,132,0.8,0.3,0.8,0,0,0,1,0,0,0,0,0,0,0.6900000000000001,0.5,Poor,*16/*33
0.25,0.5,0.75,0.25,0,0,0,1,0,0,0,0,0,0.5,0.5,0.5,1.0,299,125,0.8,0.7,0.8,0,0,0,1,0,0,0,0,0,0,0.64,0.75,Poor,*16/*35
0.25,0.25,0.5,0.25,0,0,0,1,1,1,0,0,0,0.5,0.5,0.5,1.0,299,98,0.8,0.7,0.8,0,0,0,1,0,0,0,0,0,0,0.6900000000000001,0.5,Poor,*16/*39
0.25,0.25,0.5,0.25,0,0,0,1,1,1,0,0,0,0.5,0.5,0.5,1.0,299,124,0.8,0.7,0.8,0,0,0,1,0,0,0,0,0,0,0.6900000000000001,0.5,Poor,*16/*42
0.25,0.25,0.5,0.25,0,0,0,1,1,1,0,0,0,0.5,0.5,0.5,1.0,299,124,0.8,0.7,0.8,0,0,0,1,0,0,0,0,0,0,0.6900000000000001,0.5,Poor,*16/*43
0.25,0.25,0.5,0.25,0,0,0,1,1,1,0,0,0,0.5,0.5,0.5,1.0,299,132,0.8,0.3,0.8,0,0,0,1,0,0,0,0,0,0,0.6900000000000001,0.5,Poor,*16/*45
0.25,0.25,0.5,0.25,0,0,0,1,1,1,0,0,0,0.5,0.5,0.5,1.0,299,299,0.8,0.8,0.8,0,0,0,1,0,0,0,0,0,0,0.6900000000000001,0.5,Poor,*16/*52
0.5,0.5,1.0,0.5,0,0,0,0,1,0,0,0,0,0.5,0.5,0.5,1.0,76,354,0.3,0.3,0.3,0,0,0,0,0,0,0,0,0,0,0.43999999999999995,1.0,Poor,*23/*24
0.5,0.5,1.0,0.5,0,0,0,0,0,0,0,0,0,0.5,0.0,0.5,0.5,76,0,0.3,0.3,0.3,0,0,0,0,0,0,0,0,0,0,0.43999999999999995,1.0,Poor,*23/*25
0.5,0.25,0.75,0.25,0,0,0,0,1,0,0,0,0,0.5,0.5,0.5,1.0,76,132,0.3,0.3,0.3,0,0,0,0,0,0,0,0,0,0,0.49,0.75,Poor,*23/*33
0.5,0.5,1.0,0.5,0,0,0,0,0,0,0,0,0,0.5,0.5,0.5,1.0,76,125,0.3,0.7,0.7,0,0,0,0,0,0,0,0,0,0,0.5599999999999999,1.0,Poor,*23/*35
0.5,0.25,0.75,0.25,0,0,0,0,1,0,0,0,0,0.5,0.5,0.5,1.0,76,98,0.3,0.7,0.7,0,0,0,0,0,0,0,0,0,0,0.61,0.75,Poor,*23/*39
0.5,0.25,0.75,0.25,0,0,0,0,1,0,0,0,0,0.5,0.5,0.5,1.0,76,124,0.3,0.7,0.7,0,0,0,0,0,0,0,0,0,0,0.61,0.75,Poor,*23/*42
0.5,0.25,0.75,0.25,0,0,0,0,1,0,0,0,0,0.5,0.5,0.5,1.0,76,124,0.3,0.7,0.7,0,0,0,0,0,0,0,0,0,0,0.61,0.75,Poor,*23/*43
0.5,0.25,0.75,0.25,0,0,0,0,1,0,0,0,0,0.5,0.5,0.5,1.0,76,132,0.3,0.3,0.3,0,0,0,0,0,0,0,0,0,0,0.49,0.75,Poor,*23/*45
0.5,0.25,0.75,0.25,0,0,0,0,1,0,0,0,0,0.5,0.5,0.5,1.0,76,299,0.3,0.8,0.8,0,0,0,1,0,0,0,0,0,0,0.64,0.75,Poor,*23/*52
0.5,0.5,1.0,0.5,0,0,0,1,1,1,0,0,0,0.5,0.5,0.5,1.0,354,354,0.3,0.3,0.3,0,0,0,0,0,0,0,0,0,0,0.43999999999999995,1.0,Poor,*24/*24
0.5,0.5,1.0,0.5,0,0,0,1,0,0,0,0,0,0.5,0.0,0.5,0.5,354,0,0.3,0.3,0.3,0,0,0,0,0,0,0,0,0,0,0.43999999999999995,1.0,Poor,*24/*25
0.5,0.5,1.0,0.5,0,0,0,1,0,0,0,0,0,0.5,0.5,0.5,1.0,354,130,0.3,0.3,0.3,0,0,0,0,0,0,0,0,0,0,0.43999999999999995,1.0,Poor,*24/*26
0.5,0.5,1.0,0.5,0,0,0,1,0,0,0,0,0,0.5,0.5,0.5,1.0,354,214,0.3,0.7,0.7,0,0,0,0,0,0,0,0,0,0,0.5599999999999999,1.0,Poor,*24/*28
0.5,0.25,0.75,0.25,0,0,0,1,1,1,0,0,0,0.5,0.5,0.5,1.0,354,279,0.3,0.3,0.3,0,0,0,0,0,0,0,0,0,0,0.49,0.75,Poor,*24/*29
0.5,0.5,1.0,0.5,0,0,0,1,0,0,0,0,0,0.5,0.5,0.5,1.0,354,477,0.3,1.0,1.0,0,1,1,0,0,0,0,0,0,0,0.6499999999999999,1.0,Poor,*24/*30
0.5,0.25,0.75,0.25,0,0,0,1,1,1,0,0,0,0.5,0.5,0.5,1.0,354,327,0.3,0.3,0.3,0,0,0,0,0,0,0,0,0,0,0.49,0.75,Poor,*24/*31
0.5,0.25,0.75,0.25,0,0,0,1,1,1,0,0,0,0.5,0.5,0.5,1.0,354,132,0.3,0.3,0.3,0,0,0,0,0,0,0,0,0,0,0.49,0.75,Poor,*24/*33
0.5,0.5,1.0,0.5,0,0,0,1,0,0,0,0,0,0.5,0.5,0.5,1.0,354,125,0.3,0.7,0.7,0,0,0,0,0,0,0,0,0,0,0.5599999999999999,1.0,Poor,*24/*35
0.5,0.25,0.75,0.25,0,0,0,1,1,1,0,0,0,0.5,0.5,0.5,1.0,354,49,0.3,0.3,0.3,0,0,0,0,0,0,0,0,0,0,0.49,0.75,Poor,*24/*37
0.5,0.5,1.0,0.5,0,0,0,1,1,1,0,0,0,0.5,0.5,0.5,1.0,354,96,0.3,0.3,0.3,0,0,0,0,0,0,0,0,0,0,0.43999999999999995,1.0,Poor,*24/*38
0.5,0.25,0.75,0.25,0,0,0,1,1,1,0,0,0,0.5,0.5,0.5,1.0,354,98,0.3,0.7,0.7,0,0,0,0,0,0,0,0,0,0,0.61,0.75,Poor,*24/*39
0.5,0.25,0.75,0.25,0,0,0,1,1,1,0,0,0,0.5,0.5,0.5,1.0,354,124,0.3,0.7,0.7,0,0,0,0,0,0,0,0,0,0,0.61,0.75,Poor,*24/*42
0.5,0.25,0.75,0.25,0,0,0,1,1,1,0,0,0,0.5,0.5,0.5,1.0,354,124,0.3,0.7,0.7,0,0,0,0,0,0,0,0,0,0,0.61,0.75,Poor,*24/*43
0.5,0.5,1.0,0.5,0,0,0,1,1,1,0,0,0,0.5,0.5,0.5,1.0,354,130,0.3,0.3,0.3,0,0,0,0,0,0,0,0,0,0,0.43999999999999995,1.0,Poor,*24/*44
0.5,0.25,0.75,0.25,0,0,0,1,1,1,0,0,0,0.5,0.5,0.5,1.0,354,132,0.3,0.3,0.3,0,0,0,0,0,0,0,0,0,0,0.49,0.75,Poor,*24/*45
0.5,0.5,1.0,0.5,0,0,0,1,1,1,0,0,0,0.5,0.5,0.5,1.0,354,149,0.3,0.3,0.3,0,0,0,0,0,0,0,0,0,0,0.43999999999999995,1.0,Poor,*24/*46
0.5,0.25,0.75,0.25,0,0,0,1,1,1,0,0,0,0.5,0.5,0.5,1.0,354,227,0.3,0.7,0.7,0,0,0,0,0,0,0,0,0,0,0.61,0.75,Poor,*24/*50
0.5,0.25,0.75,0.25,0,0,0,1,1,1,0,0,0,0.5,0.5,0.5,1.0,354,299,0.3,0.8,0.8,0,0,0,1,0,0,0,0,0,0,0.64,0.75,Poor,*24/*52
0.5,0.25,0.75,0.25,0,0,0,1,1,1,0,0,0,0.5,0.5,0.5,1.0,354,361,0.3,0.9,0.9,1,0,0,0,0,0,0,0,0,0,0.67,0.75,Poor,*24/*55
0.5,0.5,1.0,0.5,0,0,0,1,0,0,0,0,0,0.5,0.5,0.5,1.0,354,144,0.3,0.3,0.3,0,0,0,0,0,0,0,0,0,0,0.43999999999999995,1.0,Poor,*24/*61
0.5,0.5,1.0,0.5,0,0,0,0,0,0,0,0,0,0.0,0.0,0.0,0.0,0,0,0.3,0.3,0.3,0,0,0,0,0,0,0,0,0,0,0.29000000000000004,1.0,Poor,*25/*25
0.5,0.5,1.0,0.5,0,0,0,0,0,0,0,0,0,0.0,0.5,0.5,0.5,0,130,0.3,0.3,0.3,0,0,0,0,0,0,0,0,0,0,0.43999999999999995,1.0,Poor,*25/*26
0.5,0.5,1.0,0.5,0,0,0,0,0,0,0,0,0,0.0,0.5,0.5,0.5,0,214,0.3,0.7,0.7,0,0,0,0,0,0,0,0,0,0,0.5599999999999999,1.0,Poor,*25/*28
0.5,0.25,0.75,0.25,0,0,0,0,1,0,0,0,0,0.0,0.5,0.5,0.5,0,279,0.3,0.3,0.3,0,0,0,0,0,0,0,0,0,0,0.49,0.75,Poor,*25/*29
0.5,0.5,1.0,0.5,0,0,0,0,0,0,0,0,0,0.0,0.5,0.5,0.5,0,477,0.3,1.0,1.0,0,1,1,0,0,0,0,0,0,0,0.6499999999999999,1.0,Poor,*25/*30
0.5,0.25,0.75,0.25,0,0,0,0,1,0,0,0,0,0.0,0.5,0.5,0.5,0,327,0.3,0.3,0.3,0,0,0,0,0,0,0,0,0,0,0.49,0.75,Poor,*25/*31
0.5,0.25,0.75,0.25,0,0,0,0,1,0,0,0,0,0.0,0.5,0.5,0.5,0,132,0.3,0.3,0.3,0,0,0,0,0,0,0,0,0,0,0.49,0.75,Poor,*25/*33
0.5,0.5,1.0,0.5,0,0,0,0,0,0,0,0,0,0.0,0.5,0.5,0.5,0,125,0.3,0.7,0.7,0,0,0,0,0,0,0,0,0,0,0.5599999999999999,1.0,Poor,*25/*35
0.5,0.25,0.75,0.25,0,0,0,0,1,0,0,0,0,0.0,0.5,0.5,0.5,0,49,0.3,0.3,0.3,0,0,0,0,0,0,0,0,0,0,0.49,0.75,Poor,*25/*37
0.5,0.5,1.0,0.5,0,0,0,0,1,0,0,0,0,0.0,0.5,0.5,0.5,0,96,0.3,0.3,0.3,0,0,0,0,0,0,0,0,0,0,0.43999999999999995,1.0,Poor,*25/*38
0.5,0.25,0.75,0.25,0,0,0,0,1,0,0,0,0,0.0,0.5,0.5,0.5,0,98,0.3,0.7,0.7,0,0,0,0,0,0,0,0,0,0,0.61,0.75,Poor,*25/*39
0.5,0.25,0.75,0.25,0,0,0,0,1,0,0,0,0,0.0,0.5,0.5,0.5,0,124,0.3,0.7,0.7,0,0,0,0,0,0,0,0,0,0,0.61,0.75,Poor,*25/*42
0.5,0.25,0.75,0.25,0,0,0,0,1,0,0,0,0,0.0,0.5,0.5,0.5,0,124,0.3,0.7,0.7,0,0,0,0,0,0,0,0,0,0,0.61,0.75,Poor,*25/*43
0.5,0.5,1.0,0.5,0,0,0,0,1,0,0,0,0,0.0,0.5,0.5,0.5,0,130,0.3,0.3,0.3,0,0,0,0,0,0,0,0,0,0,0.43999999999999995,1.0,Poor,*25/*44
0.5,0.25,0.75,0.25,0,0,0,0,1,0,0,0,0,0.0,0.5,0.5,0.5,0,132,0.3,0.3,0.3,0,0,0,0,0,0,0,0,0,0,0.49,0.75,Poor,*25/*45
0.5,0.5,1.0,0.5,0,0,0,0,1,0,0,0,0,0.0,0.5,0.5,0.5,0,149,0.3,0.3,0.3,0,0,0,0,0,0,0,0,0,0,0.43999999999999995,1.0,Poor,*25/*46
0.5,0.25,0.75,0.25,0,0,0,0,1,0,0,0,0,0.0,0.5,0.5,0.5,0,227,0.3,0.7,0.7,0,0,0,0,0,0,0,0,0,0,0.61,0.75,Poor,*25/*50
0.5,0.25,0.75,0.25,0,0,0,0,1,0,0,0,0,0.0,0.5,0.5,0.5,0,299,0.3,0.8,0.8,0,0,0,1,0,0,0,0,0,0,0.64,0.75,Poor,*25/*52
0.5,0.25,0.75,0.25,0,0,0,0,1,0,0,0,0,0.0,0.5,0.5,0.5,0,361,0.3,0.9,0.9,1,0,0,0,0,0,0,0,0,0,0.67,0.75,Poor,*25/*55
0.5,0.5,1.0,0.5,0,0,0,0,0,0,0,0,0,0.0,0.5,0.5,0.5,0,144,0.3,0.3,0.3,0,0,0,0,0,0,0,0,0,0,0.43999999999999995,1.0,Poor,*25/*61
0.5,0.25,0.75,0.25,0,0,0,0,1,0,0,0,0,0.5,0.5,0.5,1.0,130,132,0.3,0.3,0.3,0,0,0,0,0,0,0,0,0,0,0.49,0.75,Poor,*26/*33
0.5,0.5,1.0,0.5,0,0,0,0,0,0,0,0,0,0.5,0.5,0.5,1.0,130,125,0.3,0.7,0.7,0,0,0,0,0,0,0,0,0,0,0.5599999999999999,1.0,Poor,*26/*35
0.5,0.25,0.75,0.25,0,0,0,0,1,0,0,0,0,0.5,0.5,0.5,1.0,130,98,0.3,0.7,0.7,0,0,0,0,0,0,0,0,0,0,0.61,0.75,Poor,*26/*39
0.5,0.25,0.75,0.25,0,0,0,0,1,0,0,0,0,0.5,0.5,0.5,1.0,130,124,0.3,0.7,0.7,0,0,0,0,0,0,0,0,0,0,0.61,0.75,Poor,*26/*42
0.5,0.25,0.75,0.25,0,0,0,0,1,0,0,0,0,0.5,0.5,0.5,1.0,130,124,0.3,0.7,0.7,0,0,0,0,0,0,0,0,0,0,0.61,0.75,Poor,*26/*43
0.5,0.25,0.75,0.25,0,0,0,0,1,0,0,0,0,0.5,0.5,0.5,1.0,130,132,0.3,0.3,0.3,0,0,0,0,0,0,0,0,0,0,0.49,0.75,Poor,*26/*45
0.5,0.25,0.75,0.25,0,0,0,0,1,0,0,0,0,0.5,0.5,0.5,1.0,130,299,0.3,0.8,0.8,0,0,0,1,0,0,0,0,0,0,0.64,0.75,Poor,*26/*52
0.5,0.25,0.75,0.25,0,0,0,0,1,0,0,0,0,0.5,0.5,0.5,1.0,214,132,0.7,0.3,0.7,0,0,0,0,0,0,0,0,0,0,0.61,0.75,Poor,*28/*33
0.5,0.5,1.0,0.5,0,0,0,0,0,0,0,0,0,0.5,0.5,0.5,1.0,214,125,0.7,0.7,0.7,0,0,0,0,0,0,0,0,0,0,0.5599999999999999,1.0,Poor,*28/*35
0.5,0.25,0.75,0.25,0,0,0,0,1,0,0,0,0,0.5,0.5,0.5,1.0,214,98,0.7,0.7,0.7,0,0,0,0,0,0,0,0,0,0,0.61,0.75,Poor,*28/*39
0.5,0.25,0.75,0.25,0,0,0,0,1,0,0,0,0,0.5,0.5,0.5,1.0,214,124,0.7,0.7,0.7,0,0,0,0,0,0,0,0,0,0,0.61,0.75,Poor,*28/*42
0.5,0.25,0.75,0.25,0,0,0,0,1,0,0,0,0,0.5,0.5,0.5,1.0,214,124,0.7,0.7,0.7,0,0,0,0,0,0,0,0,0,0,0.61,0.75,Poor,*28/*43
0.5,0.25,0.75,0.25,0,0,0,0,1,0,0,0,0,0.5,0.5,0.5,1.0,214,132,0.7,0.3,0.7,0,0,0,0,0,0,0,0,0,0,0.61,0.75,Poor,*28/*45
0.5,0.25,0.75,0.25,0,0,0,0,1,0,0,0,0,0.5,0.5,0.5,1.0,214,299,0.7,0.8,0.8,0,0,0,1,0,0,0,0,0,0,0.64,0.75,Poor,*28/*52
0.25,0.25,0.5,0.25,0,0,0,1,1,1,0,0,0,0.5,0.5,0.5,1.0,279,132,0.3,0.3,0.3,0,0,0,0,0,0,0,0,0,0,0.54,0.5,Poor,*29/*33
0.25,0.5,0.75,0.25,0,0,0,1,0,0,0,0,0,0.5,0.5,0.5,1.0,279,125,0.3,0.7,0.7,0,0,0,0,0,0,0,0,0,0,0.61,0.75,Poor,*29/*35
0.25,0.25,0.5,0.25,0,0,0,1,1,1,0,0,0,0.5,0.5,0.5,1.0,279,98,0.3,0.7,0.7,0,0,0,0,0,0,0,0,0,0,0.66,0.5,Poor,*29/*39
0.25,0.25,0.5,0.25,0,0,0,1,1,1,0,0,0,0.5,0.5,0.5,1.0,279,124,0.3,0.7,0.7,0,0,0,0,0,0,0,0,0,0,0.66,0.5,Poor,*29/*42
0.25,0.25,0.5,0.25,0,0,0,1,1,1,0,0,0,0.5,0.5,0.5,1.0,279,124,0.3,0.7,0.7,0,0,0,0,0,0,0,0,0,0,0.66,0.5,Poor,*29/*43
0.25,0.25,0.5,0.25,0,0,0,1,1,1,0,0,0,0.5,0.5,0.5,1.0,279,132,0.3,0.3,0.3,0,0,0,0,0,0,0,0,0,0,0.54,0.5,Poor,*29/*45
0.25,0.25,0.5,0.25,0,0,0,1,1,1,0,0,0,0.5,0.5,0.5,1.0,279,299,0.3,0.8,0.8,0,0,0,1,0,0,0,0,0,0,0.6900000000000001,0.5,Poor,*29/*52
0.5,0.25,0.75,0.25,0,0,0,0,1,0,0,0,0,0.5,0.5,0.5,1.0,477,132,1.0,0.3,1.0,0,1,1,0,0,0,0,0,0,0,0.7,0.75,Poor,*30/*33
0.5,0.5,1.0,0.5,0,0,0,0,0,0,0,0,0,0.5,0.5,0.5,1.0,477,125,1.0,0.7,1.0,0,1,1,0,0,0,0,0,0,0,0.6499999999999999,1.0,Poor,*30/*35
0.5,0.25,0.75,0.25,0,0,0,0,1,0,0,0,0,0.5,0.5,0.5,1.0,477,98,1.0,0.7,1.0,0,1,1,0,0,0,0,0,0,0,0.7,0.75,Poor,*30/*39
0.5,0.25,0.75,0.25,0,0,0,0,1,0,0,0,0,0.5,0.5,0.5,1.0,477,124,1.0,0.7,1.0,0,1,1,0,0,0,0,0,0,0,0.7,0.75,Poor,*30/*42
0.5,0.25,0.75,0.25,0,0,0,0,1,0,0,0,0,0.5,0.5,0.5,1.0,477,124,1.0,0.7,1.0,0,1,1,0,0,0,0,0,0,0,0.7,0.75,Poor,*30/*43
0.5,0.25,0.75,0.25,0,0,0,0,1,0,0,0,0,0.5,0.5,0.5,1.0,477,132,1.0,0.3,1.0,0,1,1,0,0,0,0,0,0,0,0.7,0.75,Poor,*30/*45
0.5,0.25,0.75,0.25,0,0,0,0,1,0,0,0,0,0.5,0.5,0.5,1.0,477,299,1.0,0.8,1.0,0,1,1,1,0,0,0,0,0,0,0.7,0.75,Poor,*30/*52
0.25,0.25,0.5,0.25,0,0,0,1,1,1,0,0,0,0.5,0.5,0.5,1.0,327,132,0.3,0.3,0.3,0,0,0,0,0,0,0,0,0,0,0.54,0.5,Poor,*31/*33
0.25,0.5,0.75,0.25,0,0,0,1,0,0,0,0,0,0.5,0.5,0.5,1.0,327,125,0.3,0.7,0.7,0,0,0,0,0,0,0,0,0,0,0.61,0.75,Poor,*31/*35
0.25,0.25,0.5,0.25,0,0,0,1,1,1,0,0,0,0.5,0.5,0.5,1.0,327,98,0.3,0.7,0.7,0,0,0,0,0,0,0,0,0,0,0.66,0.5,Poor,*31/*39
0.25,0.25,0.5,0.25,0,0,0,1,1,1,0,0,0,0.5,0.5,0.5,1.0,327,124,0.3,0.7,0.7,0,0,0,0,0,0,0,0,0,0,0.66,0.5,Poor,*31/*42
0.25,0.25,0.5,0.25,0,0,0,1,1,1,0,0,0,0.5,0.5,0.5,1.0,327,124,0.3,0.7,0.7,0,0,0,0,0,0,0,0,0,0,0.66,0.5,Poor,*31/*43
0.25,0.25,0.5,0.25,0,0,0,1,1,1,0,0,0,0.5,0.5,0.5,1.0,327,132,0.3,0.3,0.3,0,0,0,0,0,0,0,0,0,0,0.54,0.5,Poor,*31/*45
0.25,0.25,0.5,0.25,0,0,0,1,1,1,0,0,0,0.5,0.5,0.5,1.0,327,299,0.3,0.8,0.8,0,0,0,1,0,0,0,0,0,0,0.6900000000000001,0.5,Poor,*31/*52
0.25,0.25,0.5,0.25,0,0,0,1,1,1,0,0,0,0.5,0.5,0.5,1.0,132,132,0.3,0.3,0.3,0,0,0,0,0,0,0,0,0,0,0.54,0.5,Poor,*33/*33
0.25,0.5,0.75,0.25,0,0,0,1,0,0,0,0,0,0.5,0.5,0.5,1.0,132,125,0.3,0.7,0.7,0,0,0,0,0,0,0,0,0,0,0.61,0.75,Poor,*33/*35
0.25,0.25,0.5,0.25,0,0,0,1,1,1,0,0,0,0.5,0.5,0.5,1.0,132,49,0.3,0.3,0.3,0,0,0,0,0,0,0,0,0,0,0.54,0.5,Poor,*33/*37
0.25,0.5,0.75,0.25,0,0,0,1,1,1,0,0,0,0.5,0.5,0.5,1.0,132,96,0.3,0.3,0.3,0,0,0,0,0,0,0,0,0,0,0.49,0.75,Poor,*33/*38
0.25,0.25,0.5,0.25,0,0,0,1,1,1,0,0,0,0.5,0.5,0.5,1.0,132,98,0.3,0.7,0.7,0,0,0,0,0,0,0,0,0,0,0.66,0.5,Poor,*33/*39
0.25,0.25,0.5,0.25,0,0,0,1,1,1,0,0,0,0.5,0.5,0.5,1.0,132,124,0.3,0.7,0.7,0,0,0,0,0,0,0,0,0,0,0.66,0.5,Poor,*33/*42
0.25,0.25,0.5,0.25,0,0,0,1,1,1,0,0,0,0.5,0.5,0.5,1.0,132,124,0.3,0.7,0.7,0,0,0,0,0,0,0,0,0,0,0.66,0.5,Poor,*33/*43
0.25,0.5,0.75,0.25,0,0,0,1,1,1,0,0,0,0.5,0.5,0.5,1.0,132,130,0.3,0.3,0.3,0,0,0,0,0,0,0,0,0,0,0.49,0.75,Poor,*33/*44
0.25,0.25,0.5,0.25,0,0,0,1,1,1,0,0,0,0.5,0.5,0.5,1.0,132,132,0.3,0.3,0.3,0,0,0,0,0,0,0,0,0,0,0.54,0.5,Poor,*33/*45
0.25,0.5,0.75,0.25,0,0,0,1,1,1,0,0,0,0.5,0.5,0.5,1.0,132,149,0.3,0.3,0.3,0,0,0,0,0,0,0,0,0,0,0.49,0.75,Poor,*33/*46
0.25,0.25,0.5,0.25,0,0,0,1,1,1,0,0,0,0.5,0.5,0.5,1.0,132,227,0.3,0.7,0.7,0,0,0,0,0,0,0,0,0,0,0.66,0.5,Poor,*33/*50
0.25,0.25,0.5,0.25,0,0,0,1,1,1,0,0,0,0.5,0.5,0.5,1.0,132,299,0.3,0.8,0.8,0,0,0,1,0,0,0,0,0,0,0.6900000000000001,0.5,Poor,*33/*52
0.25,0.25,0.5,0.25,0,0,0,1,1,1,0,0,0,0.5,0.5,0.5,1.0,132,361,0.3,0.9,0.9,1,0,0,0,0,0,0,0,0,0,0.7200000000000001,0.5,Poor,*33/*55
0.25,0.5,0.75,0.25,0,0,0,1,0,0,0,0,0,0.5,0.5,0.5,1.0,132,144,0.3,0.3,0.3,0,0,0,0,0,0,0,0,0,0,0.49,0.75,Poor,*33/*61
0.5,0.5,1.0,0.5,0,0,0,0,0,0,0,0,0,0.5,0.5,0.5,1.0,125,125,0.7,0.7,0.7,0,0,0,0,0,0,0,0,0,0,0.5599999999999999,1.0,Poor,*35/*35
0.5,0.25,0.75,0.25,0,0,0,0,1,0,0,0,0,0.5,0.5,0.5,1.0,125,49,0.7,0.3,0.7,0,0,0,0,0,0,0,0,0,0,0.61,0.75,Poor,*35/*37
0.5,0.5,1.0,0.5,0,0,0,0,1,0,0,0,0,0.5,0.5,0.5,1.0,125,96,0.7,0.3,0.7,0,0,0,0,0,0,0,0,0,0,0.5599999999999999,1.0,Poor,*35/*38
0.5,0.25,0.75,0.25,0,0,0,0,1,0,0,0,0,0.5,0.5,0.5,1.0,125,98,0.7,0.7,0.7,0,0,0,0,0,0,0,0,0,0,0.61,0.75,Poor,*35/*39
0.5,0.25,0.75,0.25,0,0,0,0,1,0,0,0,0,0.5,0.5,0.5,1.0,125,124,0.7,0.7,0.7,0,0,0,0,0,0,0,0,0,0,0.61,0.75,Poor,*35/*42
0.5,0.25,0.75,0.25,0,0,0,0,1,0,0,0,0,0.5,0.5,0.5,1.0,125,124,0.7,0.7,0.7,0,0,0,0,0,0,0,0,0,0,0.61,0.75,Poor,*35/*43
0.5,0.5,1.0,0.5,0,0,0,0,1,0,0,0,0,0.5,0.5,0.5,1.0,125,130,0.7,0.3,0.7,0,0,0,0,0,0,0,0,0,0,0.5599999999999999,1.0,Poor,*35/*44
0.5,0.25,0.75,0.25,0,0,0,0,1,0,0,0,0,0.5,0.5,0.5,1.0,125,132,0.7,0.3,0.7,0,0,0,0,0,0,0,0,0,0,0.61,0.75,Poor,*35/*45
0.5,0.5,1.0,0.5,0,0,0,0,1,0,0,0,0,0.5,0.5,0.5,1.0,125,149,0.7,0.3,0.7,0,0,0,0,0,0,0,0,0,0,0.5599999999999999,1.0,Poor,*35/*46
0.5,0.25,0.75,0.25,0,0,0,0,1,0,0,0,0,0.5,0.5,0.5,1.0,125,227,0.7,0.7,0.7,0,0,0,0,0,0,0,0,0,0,0.61,0.75,Poor,*35/*50
0.5,0.25,0.75,0.25,0,0,0,0,1,0,0,0,0,0.5,0.5,0.5,1.0,125,299,0.7,0.8,0.8,0,0,0,1,0,0,0,0,0,0,0.64,0.75,Poor,*35/*52
0.5,0.25,0.75,0.25,0,0,0,0,1,0,0,0,0,0.5,0.5,0.5,1.0,125,361,0.7,0.9,0.9,1,0,0,0,0,0,0,0,0,0,0.67,0.75,Poor,*35/*55
0.5,0.5,1.0,0.5,0,0,0,0,0,0,0,0,0,0.5,0.5,0.5,1.0,125,144,0.7,0.3,0.7,0,0,0,0,0,0,0,0,0,0,0.5599999999999999,1.0,Poor,*35/*61
0.25,0.25,0.5,0.25,0,0,0,1,1,1,0,0,0,0.5,0.5,0.5,1.0,49,98,0.3,0.7,0.7,0,0,0,0,0,0,0,0,0,0,0.66,0.5,Poor,*37/*39
0.25,0.25,0.5,0.25,0,0,0,1,1,1,0,0,0,0.5,0.5,0.5,1.0,49,124,0.3,0.7,0.7,0,0,0,0,0,0,0,0,0,0,0.66,0.5,Poor,*37/*42
0.25,0.25,0.5,0.25,0,0,0,1,1,1,0,0,0,0.5,0.5,0.5,1.0,49,124,0.3,0.7,0.7,0,0,0,0,0,0,0,0,0,0,0.66,0.5,Poor,*37/*43
0.25,0.25,0.5,0.25,0,0,0,1,1,1,0,0,0,0.5,0.5,0.5,1.0,49,132,0.3,0.3,0.3,0,0,0,0,0,0,0,0,0,0,0.54,0.5,Poor,*37/*45
0.25,0.25,0.5,0.25,0,0,0,1,1,1,0,0,0,0.5,0.5,0.5,1.0,49,299,0.3,0.8,0.8,0,0,0,1,0,0,0,0,0,0,0.6900000000000001,0.5,Poor,*37/*52
0.5,0.25,0.75,0.25,0,0,0,1,1,1,0,0,0,0.5,0.5,0.5,1.0,96,98,0.3,0.7,0.7,0,0,0,0,0,0,0,0,0,0,0.61,0.75,Poor,*38/*39
0.5,0.25,0.75,0.25,0,0,0,1,1,1,0,0,0,0.5,0.5,0.5,1.0,96,124,0.3,0.7,0.7,0,0,0,0,0,0,0,0,0,0,0.61,0.75,Poor,*38/*42
0.5,0.25,0.75,0.25,0,0,0,1,1,1,0,0,0,0.5,0.5,0.5,1.0,96,124,0.3,0.7,0.7,0,0,0,0,0,0,0,0,0,0,0.61,0.75,Poor,*38/*43
0.5,0.25,0.75,0.25,0,0,0,1,1,1,0,0,0,0.5,0.5,0.5,1.0,96,132,0.3,0.3,0.3,0,0,0,0,0,0,0,0,0,0,0.49,0.75,Poor,*38/*45
0.5,0.25,0.75,0.25,0,0,0,1,1,1,0,0,0,0.5,0.5,0.5,1.0,96,299,0.3,0.8,0.8,0,0,0,1,0,0,0,0,0,0,0.64,0.75,Poor,*38/*52
0.25,0.25,0.5,0.25,0,0,0,1,1,1,0,0,0,0.5,0.5,0.5,1.0,98,98,0.7,0.7,0.7,0,0,0,0,0,0,0,0,0,0,0.66,0.5,Poor,*39/*39
0.25,0.25,0.5,0.25,0,0,0,1,1,1,0,0,0,0.5,0.5,0.5,1.0,98,124,0.7,0.7,0.7,0,0,0,0,0,0,0,0,0,0,0.66,0.5,Poor,*39/*42
0.25,0.25,0.5,0.25,0,0,0,1,1,1,0,0,0,0.5,0.5,0.5,1.0,98,124,0.7,0.7,0.7,0,0,0,0,0,0,0,0,0,0,0.66,0.5,Poor,*39/*43
0.25,0.5,0.75,0.25,0,0,0,1,1,1,0,0,0,0.5,0.5,0.5,1.0,98,130,0.7,0.3,0.7,0,0,0,0,0,0,0,0,0,0,0.61,0.75,Poor,*39/*44
0.25,0.25,0.5,0.25,0,0,0,1,1,1,0,0,0,0.5,0.5,0.5,1.0,98,132,0.7,0.3,0.7,0,0,0,0,0,0,0,0,0,0,0.66,0.5,Poor,*39/*45
0.25,0.5,0.75,0.25,0,0,0,1,1,1,0,0,0,0.5,0.5,0.5,1.0,98,149,0.7,0.3,0.7,0,0,0,0,0,0,0,0,0,0,0.61,0.75,Poor,*39/*46
0.25,0.25,0.5,0.25,0,0,0,1,1,1,0,0,0,0.5,0.5,0.5,1.0,98,227,0.7,0.7,0.7,0,0,0,0,0,0,0,0,0,0,0.66,0.5,Poor,*39/*50
0.25,0.25,0.5,0.25,0,0,0,1,1,1,0,0,0,0.5,0.5,0.5,1.0,98,299,0.7,0.8,0.8,0,0,0,1,0,0,0,0,0,0,0.6900000000000001,0.5,Poor,*39/*52
0.25,0.25,0.5,0.25,0,0,0,1,1,1,0,0,0,0.5,0.5,0.5,1.0,98,361,0.7,0.9,0.9,1,0,0,0,0,0,0,0,0,0,0.7200000000000001,0.5,Poor,*39/*55
0.25,0.5,0.75,0.25,0,0,0,1,0,0,0,0,0,0.5,0.5,0.5,1.0,98,144,0.7,0.3,0.7,0,0,0,0,0,0,0,0,0,0,0.61,0.75,Poor,*39/*61
0.25,0.25,0.5,0.25,0,0,0,1,1,1,0,0,0,0.5,0.5,0.5,1.0,124,124,0.7,0.7,0.7,0,0,0,0,0,0,0,0,0,0,0.66,0.5,Poor,*42/*42
0.25,0.25,0.5,0.25,0,0,0,1,1,1,0,0,0,0.5,0.5,0.5,1.0,124,124,0.7,0.7,0.7,0,0,0,0,0,0,0,0,0,0,0.66,0.5,Poor,*42/*43
0.25,0.5,0.75,0.25,0,0,0,1,1,1,0,0,0,0.5,0.5,0.5,1.0,124,130,0.7,0.3,0.7,0,0,0,0,0,0,0,0,0,0,0.61,0.75,Poor,*42/*44
0.25,0.25,0.5,0.25,0,0,0,1,1,1,0,0,0,0.5,0.5,0.5,1.0,124,132,0.7,0.3,0.7,0,0,0,0,0,0,0,0,0,0,0.66,0.5,Poor,*42/*45
0.25,0.5,0.75,0.25,0,0,0,1,1,1,0,0,0,0.5,0.5,0.5,1.0,124,149,0.7,0.3,0.7,0,0,0,0,0,0,0,0,0,0,0.61,0.75,Poor,*42/*46
0.25,0.25,0.5,0.25,0,0,0,1,1,1,0,0,0,0.5,0.5,0.5,1.0,124,227,0.7,0.7,0.7,0,0,0,0,0,0,0,0,0,0,0.66,0.5,Poor,*42/*50
0.25,0.25,0.5,0.25,0,0,0,1,1,1,0,0,0,0.5,0.5,0.5,1.0,124,299,0.7,0.8,0.8,0,0,0,1,0,0,0,0,0,0,0.6900000000000001,0.5,Poor,*42/*52
0.25,0.25,0.5,0.25,0,0,0,1,1,1,0,0,0,0.5,0.5,0.5,1.0,124,361,0.7,0.9,0.9,1,0,0,0,0,0,0,0,0,0,0.7200000000000001,0.5,Poor,*42/*55
0.25,0.5,0.75,0.25,0,0,0,1,0,0,0,0,0,0.5,0.5,0.5,1.0,124,144,0.7,0.3,0.7,0,0,0,0,0,0,0,0,0,0,0.61,0.75,Poor,*42/*61
0.25,0.25,0.5,0.25,0,0,0,1,1,1,0,0,0,0.5,0.5,0.5,1.0,124,124,0.7,0.7,0.7,0,0,0,0,0,0,0,0,0,0,0.66,0.5,Poor,*43/*43
0.25,0.5,0.75,0.25,0,0,0,1,1,1,0,0,0,0.5,0.5,0.5,1.0,124,130,0.7,0.3,0.7,0,0,0,0,0,0,0,0,0,0,0.61,0.75,Poor,*43/*44
0.25,0.25,0.5,0.25,0,0,0,1,1,1,0,0,0,0.5,0.5,0.5,1.0,124,132,0.7,0.3,0.7,0,0,0,0,0,0,0,0,0,0,0.66,0.5,Poor,*43/*45
0.25,0.5,0.75,0.25,0,0,0,1,1,1,0,0,0,0.5,0.5,0.5,1.0,124,149,0.7,0.3,0.7,0,0,0,0,0,0,0,0,0,0,0.61,0.75,Poor,*43/*46
0.25,0.25,0.5,0.25,0,0,0,1,1,1,0,0,0,0.5,0.5,0.5,1.0,124,227,0.7,0.7,0.7,0,0,0,0,0,0,0,0,0,0,0.66,0.5,Poor,*43/*50
0.25,0.25,0.5,0.25,0,0,0,1,1,1,0,0,0,0.5,0.5,0.5,1.0,124,299,0.7,0.8,0.8,0,0,0,1,0,0,0,0,0,0,0.6900000000000001,0.5,Poor,*43/*52
0.25,0.25,0.5,0.25,0,0,0,1,1,1,0,0,0,0.5,0.5,0.5,1.0,124,361,0.7,0.9,0.9,1,0,0,0,0,0,0,0,0,0,0.7200000000000001,0.5,Poor,*43/*55
0.25,0.5,0.75,0.25,0,0,0,1,0,0,0,0,0,0.5,0.5,0.5,1.0,124,144,0.7,0.3,0.7,0,0,0,0,0,0,0,0,0,0,0.61,0.75,Poor,*43/*61
0.5,0.25,0.75,0.25,0,0,0,1,1,1,0,0,0,0.5,0.5,0.5,1.0,130,132,0.3,0.3,0.3,0,0,0,0,0,0,0,0,0,0,0.49,0.75,Poor,*44/*45
0.5,0.25,0.75,0.25,0,0,0,1,1,1,0,0,0,0.5,0.5,0.5,1.0,130,299,0.3,0.8,0.8,0,0,0,1,0,0,0,0,0,0,0.64,0.75,Poor,*44/*52
0.25,0.25,0.5,0.25,0,0,0,1,1,1,0,0,0,0.5,0.5,0.5,1.0,132,132,0.3,0.3,0.3,0,0,0,0,0,0,0,0,0,0,0.54,0.5,Poor,*45/*45
0.25,0.5,0.75,0.25,0,0,0,1,1,1,0,0,0,0.5,0.5,0.5,1.0,132,149,0.3,0.3,0.3,0,0,0,0,0,0,0,0,0,0,0.49,0.75,Poor,*45/*46
0.25,0.25,0.5,0.25,0,0,0,1,1,1,0,0,0,0.5,0.5,0.5,1.0,132,227,0.3,0.7,0.7,0,0,0,0,0,0,0,0,0,0,0.66,0.5,Poor,*45/*50
0.25,0.25,0.5,0.25,0,0,0,1,1,1,0,0,0,0.5,0.5,0.5,1.0,132,299,0.3,0.8,0.8,0,0,0,1,0,0,0,0,0,0,0.6900000000000001,0.5,Poor,*45/*52
0.25,0.25,0.5,0.25,0,0,0,1,1,1,0,0,0,0.5,0.5,0.5,1.0,132,361,0.3,0.9,0.9,1,0,0,0,0,0,0,0,0,0,0.7200000000000001,0.5,Poor,*45/*55
0.25,0.5,0.75,0.25,0,0,0,1,0,0,0,0,0,0.5,0.5,0.5,1.0,132,144,0.3,0.3,0.3,0,0,0,0,0,0,0,0,0,0,0.49,0.75,Poor,*45/*61
0.5,0.25,0.75,0.25,0,0,0,1,1,1,0,0,0,0.5,0.5,0.5,1.0,149,299,0.3,0.8,0.8,0,0,0,1,0,0,0,0,0,0,0.64,0.75,Poor,*46/*52
0.25,0.25,0.5,0.25,0,0,0,1,1,1,0,0,0,0.5,0.5,0.5,1.0,227,299,0.7,0.8,0.8,0,0,0,1,0,0,0,0,0,0,0.6900000000000001,0.5,Poor,*50/*52
0.25,0.25,0.5,0.25,0,0,0,1,1,1,0,0,0,0.5,0.5,0.5,1.0,299,299,0.8,0.8,0.8,0,0,0,1,0,0,0,0,0,0,0.6900000000000001,0.5,Poor,*52/*52
0.25,0.25,0.5,0.25,0,0,0,1,1,1,0,0,0,0.5,0.5,0.5,1.0,299,361,0.8,0.9,0.9,1,0,0,1,0,0,0,0,0,0,0.7200000000000001,0.5,Poor,*52/*55
0.25,0.5,0.75,0.25,0,0,0,1,0,0,0,0,0,0.5,0.5,0.5,1.0,299,144,0.8,0.3,0.8,0,0,0,1,0,0,0,0,0,0,0.64,0.75,Poor,*52/*61
