Protein_Effect,GRCh38,rsID,CADD,REVEL,SpliceAI
p.A149T,g.94942305G>A,rs754487195,20.4,0.438,0.01
p.A149V,g.94942306C>T,rs1289704600,20.4,0.438,0.01
p.A477T,g.94988984G>A,rs781583846,20.4,0.438,0.01
p.D191G,g.94947869A>G,rs2492587526,20.4,0.438,0.01
p.D360E,g.94981301C>G,rs28371686,23.1,0.45,0.01
p.D49G,g.94938828A>G,rs564813580,20.4,0.438,0.01
p.E272G,g.94949280A>G,rs9332130,24.3,0.55,0.01
p.E326D,g.94981199G>T,,20.4,0.438,0.01
p.E354K,g.94981281G>A,rs749060448,20.4,0.438,0.01
p.F110S,g.94942018T>C,,20.4,0.438,0.01
p.G442V,g.94988880G>T,rs2492662839,20.4,0.438,0.01
p.G70R,g.94941897G>C,rs371055887,25.5,0.68,0.01
p.G96A,g.94941976G>C,rs761033063,20.4,0.438,0.01
p.G98V,g.94941982G>T,rs762239445,20.4,0.438,0.01
p.H251R,g.94949217A>G,rs2256871,20.4,0.438,0.01
p.I207T,g.94947917T>C,rs1326630788,20.4,0.438,0.01
p.I222V,g.94949129A>G,,20.4,0.438,0.01
p.I284V,g.94972134A>G,rs2492634549,20.4,0.438,0.01
p.I327T,g.94981201T>C,rs57505750,20.4,0.438,0.01
p.I359L,g.94981296A>C,rs1057910,24.8,0.58,0.02
p.I359T,g.94981297T>C,rs56165452,25.2,0.62,0.01
p.I387V,g.94986042A>G,rs764211126,20.4,0.438,0.01
p.I434F,g.94988855A>T,rs2492662738,27.5,0.76,0.01
p.K119R,g.94942216A>G,rs774607211,20.4,0.438,0.01
p.L19I,g.94938737C>A,rs67807361,15.2,0.25,0.01
p.L361I,g.94981302C>A,rs1250577724,20.4,0.438,0.01
p.L362V,g.94981305C>G,rs578144976,20.4,0.438,0.01
p.L467P,g.94988955T>C,rs767284820,20.4,0.438,0.01
p.L90P,g.94941958T>C,rs72558187,28.1,0.82,0.01
p.M1V,g.94938683A>G,rs114071557,20.4,0.438,0.01
p.N204H,g.94947907A>C,,20.4,0.438,0.01
p.N418T,g.94986136A>C,rs1254213342,20.4,0.438,0.01
p.N41D,g.94938803A>G,rs2031308986,19.8,0.32,0.01
p.P163L,g.94947785C>T,rs774550549,20.4,0.438,0.01
p.P227S,g.94949144C>T,rs2492591692,20.4,0.438,0.01
p.P279T,g.94972119C>A,rs182132442,23.2,0.49,0.01
p.P30L,g.94938771C>T,rs142240658,24.1,0.55,0.01
p.P317S,g.94972233C>T,rs1237225311,20.4,0.438,0.01
p.P337T,g.94981230C>A,rs1274535931,20.4,0.438,0.01
p.P382S,g.94981365C>T,rs2492650213,23.5,0.52,0.15
p.P489S,g.94989020C>T,rs9332239,21.5,0.38,0.01
p.Q214H,g.94947939G>T,rs370100007,20.4,0.438,0.01
p.Q214L,g.94947938A>T,rs2031531005,20.4,0.438,0.01
p.Q454H,g.94988917G>C,rs769942899,22.1,0.41,0.01
p.R124Q,g.94942231G>A,rs12414460,20.4,0.438,0.01
p.R124W,g.94942230C>T,rs767576260,20.4,0.438,0.01
p.R125C,g.94942233C>T,rs375805362,20.4,0.438,0.01
p.R125H,,,25.8,0.71,0.02
p.R132Q,g.94942255G>A,rs200183364,24.5,0.58,0.01
p.R132W,g.94942254C>T,rs199523631,20.4,0.438,0.01
p.R144C,g.94942290C>T,rs1799853,26.5,0.65,0.01
p.R144H,g.94942291G>A,rs141489852,20.4,0.438,0.01
p.R150C,g.94942308C>T,rs17847037,20.4,0.438,0.01
p.R150H,,,22.4,0.42,0.01
p.R335W,g.94981224C>T,rs28371685,27.2,0.78,0.02
p.R433W,g.94988852C>T,rs776908257,20.4,0.438,0.01
p.S162X,g.94947782C>A,rs72558190,35.0,0.95,0.05
p.S280C,g.94972123C>G,,20.4,0.438,0.01
p.S343R,g.94981250C>A,rs750820937,20.4,0.438,0.01
p.T130R,,,20.4,0.438,0.01
p.T299A,g.94972179A>G,rs72558192,20.4,0.438,0.01
p.T299R,g.94972180C>G,rs988617574,20.4,0.438,0.01
p.V490F,g.94989023G>T,rs868182778,20.4,0.438,0.01
p.V76M,g.94941915G>A,rs1216169538,22.8,0.44,0.01
